reg_id,uri,type,name (en),label (en),lexicalAlias (en),description (en),note (en),domain,range,hasUnconstrained,parent_property,inverseOf,status
uri,reg:uri,rdf:type,reg:name,rdfs:label,reg:lexicalAlias,skos:definition,skos:scopeNote,rdfs:domain,rdfs:range,reg:hasUnconstrained,rdfs:subPropertyOf,owl:inverseOf,reg:status
lang,en,,en,en,en,en,en,,,,,,
type,uri,property,,,,,,property,property,property,property,property,property
meta,token,rdae,,,,,,,,,,,
meta,label,RDA Expression properties,,,,,,,,,,,
meta,schema_id,78,,,,,,,,,,,
meta,uri,http://rdaregistry.info/Elements/e/,,,,,,,,,,,
meta,note,Properties derived from RDA elements and relationship designators with the domain of RDA Expression.,,,,,,,,,,,
meta,tags,,,,,,,,,,,,
meta,base_domain,http://rdaregistry.info/Elements/e/,,,,,,,,,,,
meta,type,schema,,,,,,,,,,,
meta,agent_id,177,,ALA Publishing,,,,,,,,,
prefix,rdac,http://rdaregistry.info/Elements/c/,,,,,,,,,,,
prefix,rdaa,http://rdaregistry.info/Elements/a/,,,,,,,,,,,
prefix,rdau,http://rdaregistry.info/Elements/u/,,,,,,,,,,,
prefix,rdaw,http://rdaregistry.info/Elements/w/,,,,,,,,,,,
prefix,rdai,http://rdaregistry.info/Elements/i/,,,,,,,,,,,
prefix,rdae,http://rdaregistry.info/Elements/e/,,,,,,,,,,,
prefix,rdam,http://rdaregistry.info/Elements/m/,,,,,,,,,,,
prefix,owl,http://www.w3.org/2002/07/owl#,,,,,,,,,,,
prefix,rdaz,http://rdaregistry.info/Elements/z/,,,,,,,,,,,
prefix,rdfs,http://www.w3.org/2000/01/rdf-schema#,,,,,,,,,,,
prefix,reg,http://metadataregistry.org/uri/profile/RegAp/,,,,,,,,,,,
prefix,skos,http://www.w3.org/2004/02/skos/core#,,,,,,,,,,,
prefix,mrc,http://id.loc.gov/vocabulary/relators/,,,,,,,,,,,
prefix,rdakit,http://rdaregistry.info/Elements/toolkit/,,,,,,,,,,,
prefix,regstat,http://metadataregistry.org/uri/RegStatus/,,,,,,,,,,,
,rdae:P20001,property,contentType,has content type,rdae:contentType,Relates an expression to a categorization reflecting the fundamental form of communication in which the content is expressed and the human sense through which it is intended to be perceived.,"For content expressed in the form of an image or images, content type also reflects the number of spatial dimensions in which the content is intended to be perceived and the perceived presence or absence of movement.",rdac:C10006,,rdau:P60049,,,1
,rdae:P20002,property,identifierForTheExpression,has identifier for the expression,rdae:identifierForTheExpression,"Relates an expression to a character string uniquely associated with an expression, or with a surrogate for an expression (e.g., an authority record).",The identifier serves to differentiate that expression from other expressions.,rdac:C10006,,rdau:P60052,,,1
,rdae:P20003,property,otherDistinguishingCharacteristicOfTheExpression,has other distinguishing characteristic of the expression,rdae:otherDistinguishingCharacteristicOfTheExpression,"Relates an expression to a characteristic other than content type, language of expression, or date of expression.",It serves to differentiate an expression from another expression of the same work.,rdac:C10006,,rdau:P60054,,,1
,rdae:P20004,property,dateOfCapture,has date of capture,rdae:dateOfCapture,"Relates an expression to a date or range of dates associated with the capture (i.e., recording, filming, etc.) of the content of a resource.",,rdac:C10006,,rdau:P60074,,,1
,rdae:P20005,property,award,has award,rdae:award,"Relates an expression to a formal recognition of excellence, etc., given by an award- or prize-granting body, for the content of a resource.",,rdac:C10006,,rdau:P60090,,,1
,rdae:P20006,property,languageOfExpression,has language of expression,rdae:languageOfExpression,Relates an expression to a language in which a work is expressed.,,rdac:C10006,,rdau:P60099,,,1
,rdae:P20007,property,languageOfTheContent,has language of the content,rdae:languageOfTheContent,Relates an expression to a language used to express the content of a resource.,,rdac:C10006,,rdau:P60099,,,1
,rdae:P20008,property,,,,,,,,,,,8
,rdae:P20009,property,adaptedAsMotionPictureExpression,is adapted as motion picture (expression),rdae:adaptedAsMotionPictureExpression,Relates an expression to a motion picture based on the source expression.,,rdac:C10006,rdac:C10006,rdau:P60110,rdae:P20153,rdae:P20125,1
,rdae:P20010,property,noteOnChangesInContentCharacteristics,has note on changes in content characteristics,rdae:noteOnChangesInContentCharacteristics,Relates an expression to a note on changes in content characteristics that occur in subsequent issues or parts of a resource issued in successive parts or between iterations of an integrating resource.,,rdac:C10006,,rdau:P60123,rdae:P20071,,1
,rdae:P20011,property,conductor,has conductor,rdae:conductor,"Relates an expression to a performer contributing to an expression of a musical work by leading a performing group (orchestra, chorus, opera, etc.) in a musical or dramatic presentation, etc.",,rdac:C10006,rdac:C10002,rdau:P60141,rdae:P20039,rdaa:P50070,1
,rdae:P20012,property,actor,has actor ,rdae:actor,"Relates an expression to a performer contributing to an expression of a work by acting as a cast member or player in a musical or dramatic presentation, etc.",,rdac:C10006,rdac:C10002,rdau:P60142 ,rdae:P20039,rdaa:P50071,1
,rdae:P20013,property,onScreenPresenter,has on-screen presenter,rdae:onScreenPresenter,Relates an expression to a performer contributing to an expression of a work by appearing on screen to provide contextual or background information.,An on-screen presenter may appear in nonfiction moving image materials or in introductions to fiction moving image materials.,rdac:C10006,rdac:C10002,rdau:P60143,rdae:P20039,rdaa:P50072,1
,rdae:P20014,property,dancer,has dancer,rdae:dancer,"Relates an expression to a performer contributing to an expression of a work by dancing in a musical, dramatic, etc., presentation.",,rdac:C10006,rdac:C10002,rdau:P60144,rdae:P20039,rdaa:P50073,1
,rdae:P20015,property,teacher,has teacher ,rdae:teacher,Relates an expression to a performer contributing to an expression of a work by giving instruction or providing a demonstration.,,rdac:C10006,rdac:C10002,rdau:P60145 ,rdae:P20039,rdaa:P50074,1
,rdae:P20016,property,host,has host ,rdae:host,"Relates an expression to a performer contributing to an expression of a work by leading a program (often broadcast) that includes other guests, performers, etc. (e.g., talk show host).",,rdac:C10006,rdac:C10002,rdau:P60146 ,rdae:P20039,rdaa:P50075,1
,rdae:P20017,property,moderator,has moderator,rdae:moderator,"Relates an expression to a performer contributing to an expression of a work by leading a program (often broadcast) where topics are discussed, usually with participation of experts in fields related to the discussion.",,rdac:C10006,rdac:C10002,rdau:P60147,rdae:P20039,rdaa:P50076,1
,rdae:P20018,property,puppeteer,has puppeteer ,rdae:puppeteer,"Relates an expression to a performer contributing to an expression of a work by manipulating, controlling, or directing puppets or marionettes in a moving image production or a musical or dramatic presentation or entertainment.",,rdac:C10006,rdac:C10002,rdau:P60148 ,rdae:P20039,rdaa:P50077,1
,rdae:P20019,property,panelist,has panelist,rdae:panelist,"Relates an expression to a performer contributing to an expression of a work by participating in a program (often broadcast) where topics are discussed, usually with participation of experts in fields related to the discussion.",,rdac:C10006,rdac:C10002,rdau:P60149,rdae:P20039,rdaa:P50078,1
,rdae:P20020,property,instrumentalist,has instrumentalist,rdae:instrumentalist,Relates an expression to a performer contributing to an expression of a work by playing a musical instrument.,,rdac:C10006,rdac:C10002,rdau:P60150,rdae:P20039,rdaa:P50079,1
,rdae:P20021,property,commentator,has commentator,rdae:commentator,"Relates an expression to a performer contributing to an expression of a work by providing interpretation, analysis, or a discussion of the subject matter on a recording, film, or other audiovisual medium.",,rdac:C10006,rdac:C10002,rdau:P60151,rdae:P20039,rdaa:P50080,1
,rdae:P20022,property,narrator,has narrator ,rdae:narrator,"Relates an expression to a performer contributing to an expression of a work by reading aloud or giving an account of an act, occurrence, course of events, etc.",,rdac:C10006,rdac:C10002,rdau:P60153 ,rdae:P20039,rdaa:P50081,1
,rdae:P20023,property,storyteller,has storyteller,rdae:storyteller,Relates an expression to a performer contributing to an expression of a work by relaying a creator’s original story with dramatic or theatrical interpretation.,,rdac:C10006,rdac:C10002,rdau:P60154,rdae:P20039,rdaa:P50082,1
,rdae:P20024,property,speaker,has speaker,rdae:speaker,"Relates an expression to a performer contributing to an expression of a work by speaking words, such as a lecture, speech, etc.",,rdac:C10006,rdac:C10002,rdau:P60155,rdae:P20039,rdaa:P50083,1
,rdae:P20025,property,singer,has singer ,rdae:singer,"Relates an expression to a performer contributing to an expression of a work by using his/her/their voice, with or without instrumental accompaniment, to produce music.",A singer’s performance may or may not include actual words.,rdac:C10006,rdac:C10002,rdau:P60156 ,rdae:P20039,rdaa:P50084,1
,rdae:P20026,property,composerExpression,has composer (expression) ,rdae:composerExpression,"Relates an expression to a person, family, or corporate body contributing to an expression by adding music to a work that originally lacked it, by composing new music to substitute for the original music, or by composing new music to supplement the existing music.",,rdac:C10006,rdac:C10002,rdau:P60426,rdae:P20053,rdaa:P50134,1
,rdae:P20027,property,surveyor,has surveyor,rdae:surveyor,"Relates an expression to a person, family, or corporate body contributing to an expression of a cartographic work by providing measurements or dimensional relationships for the geographic area represented.",,rdac:C10006,rdac:C10002,rdau:P60377,rdae:P20053,rdaa:P50135,1
,rdae:P20028,property,animator,has animator,rdae:animator,"Relates an expression to a person, family, or corporate body contributing to an expression of a moving image work or computer program by giving apparent movement to inanimate objects or drawings.",,rdac:C10006,rdac:C10002,rdau:P60378,rdae:P20053,rdaa:P50136,1
,rdae:P20029,property,arrangerOfMusic,has arranger of music ,rdae:arrangerOfMusic,"Relates an expression to a person, family, or corporate body contributing to an expression of a musical work by rewriting the composition for a medium of performance different from that for which the work was originally intended.","An arranger of music may also modify the work for the same medium of performance, etc., keeping the musical substance of the original composition essentially unchanged.",rdac:C10006,rdac:C10002,rdau:P60379 ,rdae:P20053,rdaa:P50137,1
,rdae:P20030,property,writerOfAddedText,has writer of added text,rdae:writerOfAddedText,"Relates an expression to a person, family, or corporate body contributing to an expression of a primarily non-textual work by providing text for the non-textual work (e.g., writing captions for photographs, descriptions of maps).",,rdac:C10006,rdac:C10002,rdau:P60380,rdae:P20046,rdaa:P50138,1
,rdae:P20031,property,stageDirector,has stage director,rdae:stageDirector,"Relates an expression to a person, family, or corporate body contributing to an expression of a stage work through the general management and supervision of a performance.",,rdac:C10006,rdac:C10002,rdau:P60399,rdae:P20053,rdaa:P50139,1
,rdae:P20032,property,interviewerExpression,has interviewer (expression) ,rdae:interviewerExpression,"Relates an expression to a person, family, or corporate body contributing to an expression of a work by acting as an interviewer, reporter, pollster, or some other information gathering agent.",,rdac:C10006,rdac:C10002,rdau:P60430 ,rdae:P20053,rdaa:P50140,1
,rdae:P20033,property,draftsman,has draftsman ,rdae:draftsman,"Relates an expression to a person, family, or corporate body contributing to an expression of a work by an architect, inventor, etc., by making detailed plans or drawings for buildings, ships, aircraft, machines, objects, etc.",,rdac:C10006,rdac:C10002,rdau:P60381 ,rdae:P20053,rdaa:P50141,1
,rdae:P20034,property,transcriber,has transcriber ,rdae:transcriber,"Relates an expression to a person, family, or corporate body contributing to an expression of a work by writing down or notating previously unwritten or unnotated content, or by changing it from one system of notation to another.",,rdac:C10006,rdac:C10002,rdau:P60382 ,rdae:P20053,rdaa:P50142,1
,rdae:P20035,property,musicalDirector,has musical director,rdae:musicalDirector,"Relates an expression to a person, family, or corporate body contributing to an expression of a work by coordinating the activities of the composer, the sound editor, and sound mixers for a moving image production or for a musical or dramatic presentation or entertainment.",,rdac:C10006,rdac:C10002,rdau:P60383,rdae:P20053,rdaa:P50143,1
,rdae:P20036,property,costumeDesigner,has costume designer,rdae:costumeDesigner,"Relates an expression to a person, family, or corporate body contributing to an expression of a work by designing the costumes for a moving image production or for a musical or dramatic presentation or entertainment.",,rdac:C10006,rdac:C10002,rdau:P60384,rdae:P20053,rdaa:P50144,1
,rdae:P20037,property,translator,has translator,rdae:translator,"Relates an expression to a person, family, or corporate body contributing to an expression of a work by expressing the linguistic content of the work in a language different from that of previous expressions of the original work.",A translator may also translate linguistic content between forms of the same language from different time periods.,rdac:C10006,rdac:C10002,rdau:P60385,rdae:P20053,rdaa:P50145,1
,rdae:P20038,property,artDirector,has art director,rdae:artDirector,"Relates an expression to a person, family, or corporate body contributing to an expression of a work by overseeing the artists and craftspeople who build the sets for moving image productions.",,rdac:C10006,rdac:C10002,rdau:P60386,rdae:P20053,rdaa:P50146,1
,rdae:P20039,property,performer,has performer,rdae:performer,"Relates an expression to a person, family, or corporate body contributing to an expression of a work by performing music, acting, dancing, speaking, etc., often in a musical or dramatic presentation, etc.",,rdac:C10006,rdac:C10002,rdau:P60387,rdae:P20053,rdaa:P50147,1
,rdae:P20040,property,courtReporter,has court reporter ,rdae:courtReporter,"Relates an expression to a person, family, or corporate body contributing to an expression of a work by preparing a court’s opinions for publication.",,rdac:C10006,rdac:C10002,rdau:P60388 ,rdae:P20053,rdaa:P50148,1
,rdae:P20041,property,writerOfPreface,has writer of preface,rdae:writerOfPreface,"Relates an expression to a person, family, or corporate body contributing to an expression of a work by providing a preface to the original work.",,rdac:C10006,rdac:C10002,rdau:P60389,rdae:P20046,rdaa:P50149,1
,rdae:P20042,property,cartographerExpression,has cartographer (expression),rdae:cartographerExpression,"Relates an expression to a person, family, or corporate body contributing to an expression of a work by providing additional cartography, or by modifying the previous cartography.",,rdac:C10006,rdac:C10002,rdau:P60425,rdae:P20053,rdaa:P50150,1
,rdae:P20043,property,choreographerExpression,has choreographer (expression),rdae:choreographerExpression,"Relates an expression to a person, family, or corporate body contributing to an expression of a work by providing additional choreography, or by modifying the previous choreography.",,rdac:C10006,rdac:C10002,rdau:P60433,rdae:P20053,rdaa:P50151,1
,rdae:P20044,property,writerOfAddedCommentary,has writer of added commentary,rdae:writerOfAddedCommentary,"Relates an expression to a person, family, or corporate body contributing to an expression of a work by providing an interpretation or critical explanation of the original work.",,rdac:C10006,rdac:C10002,rdau:P60390,rdae:P20046,rdaa:P50152,1
,rdae:P20045,property,writerOfIntroduction,has writer of introduction,rdae:writerOfIntroduction,"Relates an expression to a person, family, or corporate body contributing to an expression of a work by providing an introduction to the original work.",,rdac:C10006,rdac:C10002,rdau:P60391,rdae:P20046,rdaa:P50153,1
,rdae:P20046,property,writerOfSupplementaryTextualContent,has writer of supplementary textual content,rdae:writerOfSupplementaryTextualContent,"Relates an expression to a person, family, or corporate body contributing to an expression of a work by providing supplementary textual content (e.g., an appendix, an introduction, a preface) to the original work.",,rdac:C10006,rdac:C10002,rdau:P60392,rdae:P20053,rdaa:P50154,1
,rdae:P20047,property,intervieweeExpression,has interviewee (expression) ,rdae:intervieweeExpression,"Relates an expression to a person, family, or corporate body contributing to an expression of a work by responding to an interviewer, usually a reporter, pollster, or some other information gathering agent.",,rdac:C10006,rdac:C10002,rdau:P60432 ,rdae:P20053,rdaa:P50155,1
,rdae:P20048,property,editor,has editor,rdae:editor,"Relates an expression to a person, family, or corporate body contributing to an expression of a work by revising or clarifying the content, e.g., adding an introduction, notes, or other critical matter.","An editor may also prepare an expression of a work for production, publication, or distribution.",rdac:C10006,rdac:C10002,rdau:P60393,rdae:P20053,rdaa:P50156,1
,rdae:P20049,property,abridger,has abridger,rdae:abridger,"Relates an expression to a person, family, or corporate body contributing to an expression of a work by shortening or condensing the original work but leaving the nature and content of the original work substantially unchanged.",,rdac:C10006,rdac:C10002,rdau:P60394,rdae:P20053,rdaa:P50157,1
,rdae:P20050,property,recordingEngineer,has recording engineer ,rdae:recordingEngineer,"Relates an expression to a person, family, or corporate body contributing to an expression of a work by supervising the technical aspects of a sound or video recording session.",,rdac:C10006,rdac:C10002,rdau:P60395 ,rdae:P20053,rdaa:P50158,1
,rdae:P20051,property,illustrator,has illustrator,rdae:illustrator,"Relates an expression to a person, family, or corporate body contributing to an expression of a work by supplementing the primary content with drawings, diagrams, photographs, etc.",,rdac:C10006,rdac:C10002,rdau:P60396,rdae:P20053,rdaa:P50159,1
,rdae:P20052,property,recordist,has recordist ,rdae:recordist,"Relates an expression to a person, family, or corporate body contributing to an expression of a work by using a recording device to capture sound and/or video during a recording session, including field recordings of natural sounds, folkloric events, music, etc.",,rdac:C10006,rdac:C10002,rdau:P60397 ,rdae:P20053,rdaa:P50160,1
,rdae:P20053,property,contributor,has contributor,rdae:contributor,"Relates an expression to a person, family, or corporate body contributing to an expression.","Contributors include editors, translators, arrangers of music, performers, etc.",rdac:C10006,rdac:C10002,rdau:P60398,,rdaa:P50161,1
,rdae:P20054,property,presenter,has presenter ,rdae:presenter,"Relates an expression to a person, family, or corporate body mentioned in an &quot;X presents&quot: credit for moving image materials and who is probably associated with production, finance, or distribution in some way.",,rdac:C10006,rdac:C10002,rdau:P60419 ,rdae:P20053,rdaa:P50180,1
,rdae:P20055,property,editorOfMovingImageWork,has editor of moving image work ,rdae:editorOfMovingImageWork,"Relates an expression to a person, family, or corporate body responsible for assembling, arranging, and trimming film, video, or other moving image formats, including both visual and audio aspects.",,rdac:C10006,rdac:C10002,rdau:P60422 ,rdae:P20053,rdaa:P50183,1
,rdae:P20056,property,productionDesigner,has production designer,rdae:productionDesigner,"Relates an expression to a person, family, or corporate body responsible for designing the overall visual appearance of a moving image production.",,rdac:C10006,rdac:C10002,rdau:P60437,rdae:P20053,rdaa:P50198,1
,rdae:P20057,property,,,,,,,,,,,8
,rdae:P20058,property,minuteTaker,has minute taker,rdae:minuteTaker,"Relates an expression to a person, family, or corporate body, responsible for recording the minutes of a meeting.",,rdac:C10006,rdac:C10002,rdau:P60446,rdae:P20053,rdaa:P50212,1
,rdae:P20059,property,manifestationOfExpression,has manifestation of expression,rdae:manifestationOfExpression,Relates an expression to a physical embodiment of an expression.,,rdac:C10006,rdac:C10007,,,rdam:P30139,1
,rdae:P20060,property,adaptedAsRadioProgramExpression,is adapted as radio program (expression),rdae:adaptedAsRadioProgramExpression,Relates an expression to a radio program based on the source expression.,,rdac:C10006,rdac:C10006,rdau:P60174,rdae:P20153,rdae:P20127,1
,rdae:P20061,property,formOfTactileNotation,has form of tactile notation,rdae:formOfTactileNotation,Relates an expression to a set of characters and/or symbols used to express the content of a resource in a form that can be perceived through touch.,,rdac:C10006,,rdau:P60318,rdae:P20062,,1
,rdae:P20062,property,formOfNotation,has form of notation,rdae:formOfNotation,Relates an expression to a set of characters and/or symbols used to express the content of a resource.,,rdac:C10006,,rdau:P60319,,,1
,rdae:P20063,property,formOfNotatedMovement,has form of notated movement,rdae:formOfNotatedMovement,Relates an expression to a set of characters and/or symbols used to express the movement content of a resource.,,rdac:C10006,,rdau:P60320,rdae:P20062,,1
,rdae:P20064,property,formOfMusicalNotation,has form of musical notation,rdae:formOfMusicalNotation,Relates an expression to a set of characters and/or symbols used to express the musical content of a resource.,,rdac:C10006,,rdau:P60321,rdae:P20062,,1
,rdae:P20065,property,script,has script,rdae:script,Relates an expression to a set of characters and/or symbols used to express the written language content of a resource.,,rdac:C10006,,rdau:P60322,rdae:P20062,,1
,rdae:P20066,property,adaptedAsTelevisionProgramExpression,is adapted as television program (expression),rdae:adaptedAsTelevisionProgramExpression,Relates an expression to a television program based on the source expression.,,rdac:C10006,rdac:C10006,rdau:P60354,rdae:P20153,rdae:P20128,1
,rdae:P20067,property,adaptedAsVideoExpression,is adapted as video (expression),rdae:adaptedAsVideoExpression,Relates an expression to a video based on the source expression.,,rdac:C10006,rdac:C10006,rdau:P60361,rdae:P20153,rdae:P20134,1
,rdae:P20068,property,writerOfAddedLyrics,has writer of added lyrics,rdae:writerOfAddedLyrics,Relates an expression to a writer of words added to an expression of a musical work.,,rdac:C10006,rdac:C10002,rdau:P60371,rdae:P20030,rdaa:P50216,1
,rdae:P20069,property,summarizationOfTheContent,has summarization of the content,rdae:summarizationOfTheContent,"Relates an expression to an abstract, summary, synopsis, etc., of the content of a resource.",,rdac:C10006,,rdau:P60372,,,1
,rdae:P20070,property,voiceActor,has voice actor ,rdae:voiceActor,"Relates an expression to an actor contributing to an expression of a work by providing the voice for characters in radio and audio productions and for animated characters in moving image works, as well as by providing voice-overs in radio and television commercials, dubbed resources, etc.",,rdac:C10006,rdac:C10002,rdau:P60152,rdae:P20012,rdaa:P50217,1
,rdae:P20071,property,noteOnExpression,has note on expression,rdae:noteOnExpression,Relates an expression to an annotation providing additional information about content recorded as an expression attribute.,,rdac:C10006,,rdau:P60470,,,1
,rdae:P20072,property,,,,,,,,,,,8
,rdae:P20073,property,dramatizedAsExpression,is dramatized as (expression),rdae:dramatizedAsExpression,Relates an expression to an expression of a dramatic work adapted from the source expression.,,rdac:C10006,rdac:C10006,rdau:P60088,rdae:P20153,rdae:P20123,1
,rdae:P20074,property,containedInExpression,is contained in (expression),rdae:containedInExpression,Relates an expression to an expression of a larger work of which the expression is a discrete component.,,rdac:C10006,rdac:C10006,rdau:P60101,rdae:P20236,rdae:P20145,1
,rdae:P20075,property,replacedInPartByExpression,is replaced in part by (expression),rdae:replacedInPartByExpression,Relates an expression to an expression of a later work used in part in place of the earlier expression usually because the later work contains updated or new information that makes part of the earlier expression obsolete.,,rdac:C10006,rdac:C10006,rdau:P60103,rdae:P20169,rdae:P20198,1
,rdae:P20076,property,replacedByExpression,is replaced by (expression),rdae:replacedByExpression,"Relates an expression to an expression of a later work used in place of the earlier expression, usually because the later work contains updated or new information that makes the earlier expression obsolete.",,rdac:C10006,rdac:C10006,rdau:P60104,rdae:P20169,rdae:P20199,1
,rdae:P20077,property,adaptedInVerseAsExpression,is adapted in verse as (expression),rdae:adaptedInVerseAsExpression,Relates an expression to an expression of a literary composition in verse form adapted from the source expression.,,rdac:C10006,rdac:C10006,rdau:P60106,rdae:P20153,rdae:P20124,1
,rdae:P20078,property,dubbedVersionOf,is dubbed version of,rdae:dubbedVersionOf,Relates an expression to an expression of a moving image work in which the spoken dialogue has been translated into a language different from that of the original work.,,rdac:C10006,rdac:C10006,rdau:P60111,rdae:P20141,rdae:P20079,1
,rdae:P20079,property,dubbedVersion,is dubbed version,rdae:dubbedVersion,Relates an expression to an expression of a moving image work that translates the spoken dialogue of the original work into a different language.,,rdac:C10006,rdac:C10006,rdau:P60112,rdae:P20171,rdae:P20078,1
,rdae:P20080,property,cadenzaExpression,is cadenza (expression),rdae:cadenzaExpression,"Relates an expression to an expression of a musical work consisting of an ornamental passage for a soloist, added to a musical work such as a concerto, either by the same or a different composer.",,rdac:C10006,rdac:C10006,rdau:P60113,rdae:P20105,rdae:P20083,1
,rdae:P20081,property,variationsBasedOnExpression,is variations based on (expression),rdae:variationsBasedOnExpression,"Relates an expression to an expression of a musical work from which melodic, thematic, or harmonic material is taken to form a discrete theme, which is repeated one or more times with subsequent modifications.",,rdac:C10006,rdac:C10006,rdau:P60114,rdae:P20204,rdae:P20082,1
,rdae:P20082,property,modifiedByVariationAsExpression,is modified by variation as (expression),rdae:modifiedByVariationAsExpression,"Relates an expression to an expression of a musical work in which melodic, thematic, or harmonic material is taken from the source work to form a discrete theme, which is repeated one or more times with subsequent modifications.",,rdac:C10006,rdac:C10006,rdau:P60115,rdae:P20203,rdae:P20081,1
,rdae:P20083,property,cadenzaComposedForExpression,is cadenza composed for (expression),rdae:cadenzaComposedForExpression,"Relates an expression to an expression of a musical work such as a concerto for which an ornamental passage for a soloist has been composed, either by the same or a different composer.",,rdac:C10006,rdac:C10006,rdau:P60116,rdae:P20192,rdae:P20080,1
,rdae:P20084,property,librettoForExpression,is libretto for (expression),rdae:librettoForExpression,"Relates an expression to an expression of a musical work such as an opera or other work for the musical stage, or an oratorio, that uses the text of the related work.",,rdac:C10006,rdac:C10006,rdau:P60117,rdae:P20100,rdae:P20163,1
,rdae:P20085,property,incidentalMusicExpression,is incidental music (expression),rdae:incidentalMusicExpression,Relates an expression to an expression of a musical work that that provides the incidental music for a play or other spoken work for the stage.,,rdac:C10006,rdac:C10006,rdau:P60118,rdae:P20243,rdae:P20103,1
,rdae:P20086,property,remadeAsExpression,is remade as (expression),rdae:remadeAsExpression,"Relates an expression to an expression of a new motion picture, radio program, television program, or video based on an earlier work.",,rdac:C10006,rdac:C10006,rdau:P60120,rdae:P20203,rdae:P20185,1
,rdae:P20087,property,setToMusicAsExpression,is set to music as (expression),rdae:setToMusicAsExpression,"Relates an expression to an expression of a non-dramatic musical work, other than an oratorio, that uses the text of the source work.",,rdac:C10006,rdac:C10006,rdau:P60121,rdae:P20203,rdae:P20159,1
,rdae:P20088,property,adaptedAsNovelExpression,is adapted as novel (expression),rdae:adaptedAsNovelExpression,Relates an expression to an expression of a novel adapted from the source expression.,,rdac:C10006,rdac:C10006,rdau:P60138,rdae:P20153,rdae:P20126,1
,rdae:P20089,property,appendixToExpression,is appendix to (expression),rdae:appendixToExpression,"Relates an expression to an expression of a predominant work that is augmented by another work that consists of material that is not essential to the completeness of the content, such as a list of references, statistical tables, and explanatory matter; the augmenting work can either come at the end of the content, or be issued separately.",,rdac:C10006,rdac:C10006,rdau:P60253,rdae:P20192,rdae:P20118,1
,rdae:P20090,property,abstractedInExpression,is abstracted in (expression),rdae:abstractedInExpression,Relates an expression to an expression of a work (an abstracting and indexing service) that abstracts the contents of a source expression.,,rdac:C10006,rdac:C10006,rdau:P60177,rdae:P20203,rdae:P20193,1
,rdae:P20091,property,indexedInExpression,is indexed in (expression),rdae:indexedInExpression,Relates an expression to an expression of a work (an abstracting and indexing service) that indexes the contents of a source expression.,,rdac:C10006,rdac:C10006,rdau:P60178,rdae:P20203,rdae:P20194,1
,rdae:P20092,property,adaptedAsChoreographyExpression,is adapted as choreography (expression),rdae:adaptedAsChoreographyExpression,"Relates an expression to an expression of a work consisting of movement (e.g., dance) based on the source work.",,rdac:C10006,rdac:C10006,rdau:P60180,rdae:P20153,rdae:P20183,1
,rdae:P20093,property,errataExpression,is errata (expression),rdae:errataExpression,"Relates an expression to an expression of a work consisting of errors discovered after the publication of the predominant work, with their corrections.",,rdac:C10006,rdac:C10006,rdau:P60181,rdae:P20105,rdae:P20146,1
,rdae:P20094,property,illustrationsExpression,is illustrations (expression),rdae:illustrationsExpression,Relates an expression to an expression of a work consisting of pictorial content designed to explain or decorate the augmented expression.,,rdac:C10006,rdac:C10006,rdau:P60182,rdae:P20105,rdae:P20148,1
,rdae:P20095,property,adaptedAsMotionPictureScreenplayExpression,is adapted as motion picture screenplay (expression),rdae:adaptedAsMotionPictureScreenplayExpression,"Relates an expression to an expression of a work consisting of the screenplay for a motion picture, based on the source work.",,rdac:C10006,rdac:C10006,rdau:P60184,rdae:P20096,rdae:P20130,1
,rdae:P20096,property,adaptedAsScreenplayExpression,is adapted as screenplay (expression),rdae:adaptedAsScreenplayExpression,"Relates an expression to an expression of a work consisting of the screenplay for a motion picture, television program, or video, based on the source work.",,rdac:C10006,rdac:C10006,rdau:P60185,rdae:P20153,rdae:P20129,1
,rdae:P20097,property,adaptedAsTelevisionScreenplayExpression,is adapted as television screenplay (expression),rdae:adaptedAsTelevisionScreenplayExpression,"Relates an expression to an expression of a work consisting of the screenplay for a television program, based on the source work.",,rdac:C10006,rdac:C10006,rdau:P60186,rdae:P20096,rdae:P20131,1
,rdae:P20098,property,adaptedAsVideoScreenplayExpression,is adapted as video screenplay (expression),rdae:adaptedAsVideoScreenplayExpression,"Relates an expression to an expression of a work consisting of the screenplay for a video, based on the source work.",,rdac:C10006,rdac:C10006,rdau:P60187,rdae:P20096,rdae:P20132,1
,rdae:P20099,property,adaptedAsRadioScriptExpression,is adapted as radio script (expression),rdae:adaptedAsRadioScriptExpression,"Relates an expression to an expression of a work consisting of the script for a radio program, based on the source work.",,rdac:C10006,rdac:C10006,rdau:P60188,rdae:P20153,rdae:P20133,1
,rdae:P20100,property,complementedByExpression,is complemented by (expression),rdae:complementedByExpression,Relates an expression to an expression of a work paired with another expression without either expression being considered to predominate.,,rdac:C10006,rdac:C10006,rdau:P60198,rdae:P20232,rdae:P20100,1
,rdae:P20101,property,continuedInPartByExpression,is continued in part by (expression),rdae:continuedInPartByExpression,Relates an expression to an expression of a work part of whose content separated from an earlier expression to form a new expression.,,rdac:C10006,rdac:C10006,rdau:P60199,rdae:P20169,rdae:P20168,1
,rdae:P20102,property,screenplayForExpression,is screenplay for (expression),rdae:screenplayForExpression,"Relates an expression to an expression of a work such as a motion picture, television program, or video, that uses the text of the work as a screenplay.",,rdac:C10006,rdac:C10006,rdau:P60201,rdae:P20100,rdae:P20157,1
,rdae:P20103,property,incidentalMusicForExpression,is incidental music for (expression),rdae:incidentalMusicForExpression,Relates an expression to an expression of a work such as a play or other spoken work for the stage that uses the musical work as incidental music.,,rdac:C10006,rdac:C10006,rdau:P60202,rdae:P20244,rdae:P20085,1
,rdae:P20104,property,abstractedAsExpression,is abstracted as (expression),rdae:abstractedAsExpression,"Relates an expression to an expression of a work that abbreviates the source expression in a brief, objective manner.",,rdac:C10006,rdac:C10006,rdau:P60203,rdae:P20203,rdae:P20122,1
,rdae:P20105,property,augmentedByExpression,is augmented by (expression),rdae:augmentedByExpression,Relates an expression to an expression of a work that adds to the content of a predominant expression.,,rdac:C10006,rdac:C10006,rdau:P60204,rdae:P20232,rdae:P20192,1
,rdae:P20106,property,summarizedAsExpression,is summarized as (expression),rdae:summarizedAsExpression,Relates an expression to an expression of a work that consists of a brief recapitulation of the content of the source expression.,,rdac:C10006,rdac:C10006,rdau:P60205,rdae:P20203,rdae:P20179,1
,rdae:P20107,property,catalogueExpression,is catalogue (expression),rdae:catalogueExpression,Relates an expression to an expression of a work that consists of a complete enumeration of items arranged systematically.,,rdac:C10006,rdac:C10006,rdau:P60206,rdae:P20105,rdae:P20180,1
,rdae:P20108,property,concordanceExpression,is concordance (expression),rdae:concordanceExpression,Relates an expression to an expression of a work that consists of an index of all the words in the predominant expression.,,rdac:C10006,rdac:C10006,rdau:P60208,rdae:P20105,rdae:P20181,1
,rdae:P20109,property,addendaExpression,is addenda (expression),rdae:addendaExpression,"Relates an expression to an expression of a work that consists of brief additional material, less extensive than a supplement, but essential to the completeness of the text of the predominant work; it is usually added at the end of the content, but is sometimes issued separately.",,rdac:C10006,rdac:C10006,rdau:P60209,rdae:P20105,rdae:P20177,1
,rdae:P20110,property,adaptedAsLibrettoExpression,is adapted as libretto (expression),rdae:adaptedAsLibrettoExpression,"Relates an expression to an expression of a work that consists of the text of an opera or other work for the musical stage, or an oratorio, based on the source work.",,rdac:C10006,rdac:C10006,rdau:P60210,rdae:P20153,rdae:P20190,1
,rdae:P20111,property,,,,,,,,,,,8
,rdae:P20112,property,,,,,,,,,,,8
,rdae:P20113,property,,,,,,,,,,,8
,rdae:P20114,property,imitatedAsExpression,is imitated as (expression),rdae:imitatedAsExpression,Relates an expression to an expression of a work that copies the style or content of the source work.,,rdac:C10006,rdac:C10006,rdau:P60214,rdae:P20203,rdae:P20195,1
,rdae:P20115,property,expandedAsExpression,is expanded as (expression),rdae:expandedAsExpression,Relates an expression to an expression of a work that enlarges upon the content of the source work.,,rdac:C10006,rdac:C10006,rdau:P60216,rdae:P20203,rdae:P20184,1
,rdae:P20116,property,,,,,,,,,,,8
,rdae:P20117,property,,,,,,,,,,,8
,rdae:P20118,property,appendixExpression,is appendix (expression),rdae:appendixExpression,"Relates an expression to an expression of a work that forms an augmenting part of another work which is not essential to the completeness of the content, such as a list of references, statistical tables, and explanatory matter; it can be material which either comes at the end of the content of the predominant work, or is issued separately.",,rdac:C10006,rdac:C10006,rdau:P60221,rdae:P20105,rdae:P20089,1
,rdae:P20119,property,freelyTranslatedAsExpression,is freely translated as (expression),rdae:freelyTranslatedAsExpression,"Relates an expression to an expression of a work that freely translates the text into another language, preserving the spirit of the original, but not its linguistic details.",,rdac:C10006,rdac:C10006,rdau:P60189,rdae:P20203,rdae:P20140,1
,rdae:P20120,property,guideExpression,is guide (expression),rdae:guideExpression,"Relates an expression to an expression of a work that guides a user through the use of the predominant work, using notes, learning and study aids, exercises, problems, questions and answers, instructor or student materials, etc.",,rdac:C10006,rdac:C10006,rdau:P60222,rdae:P20105,rdae:P20147,1
,rdae:P20121,property,abridgementOfExpression,is abridgement of (expression),rdae:abridgementOfExpression,"Relates an expression to an expression of a work that has been abridged, i.e., shortened without changing the general meaning or manner of presentation of the source work.",,rdac:C10006,rdac:C10006,rdau:P60223,rdae:P20204,rdae:P20166,1
,rdae:P20122,property,abstractOfExpression,is abstract of (expression),rdae:abstractOfExpression,"Relates an expression to an expression of a work that has been abstracted, i.e., abbreviated in a brief, objective manner.",,rdac:C10006,rdac:C10006,rdau:P60224,rdae:P20204,rdae:P20104,1
,rdae:P20123,property,dramatizationOfExpression,is dramatization of (expression),rdae:dramatizationOfExpression,Relates an expression to an expression of a work that has been adapted as a drama.,,rdac:C10006,rdac:C10006,rdau:P60225,rdae:P20152,rdae:P20073,1
,rdae:P20124,property,verseAdaptationOfExpression,is verse adaptation of (expression),rdae:verseAdaptationOfExpression,Relates an expression to an expression of a work that has been adapted as a literary composition in verse form.,,rdac:C10006,rdac:C10006,rdau:P60226,rdae:P20152,rdae:P20077,1
,rdae:P20125,property,motionPictureAdaptationOfExpression,is motion picture adaptation of (expression),rdae:motionPictureAdaptationOfExpression,Relates an expression to an expression of a work that has been adapted as a motion picture.,,rdac:C10006,rdac:C10006,rdau:P60227,rdae:P20152,rdae:P20009,1
,rdae:P20126,property,novelizationOfExpression,is novelization of (expression),rdae:novelizationOfExpression,Relates an expression to an expression of a work that has been adapted as a novel.,,rdac:C10006,rdac:C10006,rdau:P60228,rdae:P20152,rdae:P20088,1
,rdae:P20127,property,radioAdaptationOfExpression,is radio adaptation of (expression),rdae:radioAdaptationOfExpression,Relates an expression to an expression of a work that has been adapted as a radio program.,,rdac:C10006,rdac:C10006,rdau:P60229,rdae:P20152,rdae:P20060,1
,rdae:P20128,property,televisionAdaptationOfExpression,is television adaptation of (expression),rdae:televisionAdaptationOfExpression,Relates an expression to an expression of a work that has been adapted as a television program.,,rdac:C10006,rdac:C10006,rdau:P60230,rdae:P20152,rdae:P20066,1
,rdae:P20129,property,screenplayBasedOnExpression,is screenplay based on (expression),rdae:screenplayBasedOnExpression,"Relates an expression to an expression of a work that has been adapted as the screenplay for a motion picture, television program, or video.",,rdac:C10006,rdac:C10006,rdau:P60231,rdae:P20152,rdae:P20096,1
,rdae:P20130,property,motionPictureScreenplayBasedOnExpression,is motion picture screenplay based on (expression),rdae:motionPictureScreenplayBasedOnExpression,Relates an expression to an expression of a work that has been adapted as the screenplay for a motion picture.,,rdac:C10006,rdac:C10006,rdau:P60232,rdae:P20129,rdae:P20095,1
,rdae:P20131,property,televisionScreenplayBasedOnExpression,is television screenplay based on (expression),rdae:televisionScreenplayBasedOnExpression,Relates an expression to an expression of a work that has been adapted as the screenplay for a television program.,,rdac:C10006,rdac:C10006,rdau:P60233,rdae:P20129,rdae:P20097,1
,rdae:P20132,property,videoScreenplayBasedOnExpression,is video screenplay based on (expression),rdae:videoScreenplayBasedOnExpression,Relates an expression to an expression of a work that has been adapted as the screenplay for a video.,,rdac:C10006,rdac:C10006,rdau:P60234,rdae:P20129,rdae:P20098,1
,rdae:P20133,property,radioScriptBasedOnExpression,is radio script based on (expression),rdae:radioScriptBasedOnExpression,Relates an expression to an expression of a work that has been adapted as the script for a radio program.,,rdac:C10006,rdac:C10006,rdau:P60235,rdae:P20152,rdae:P20099,1
,rdae:P20134,property,videoAdaptationOfExpression,is video adaptation of (expression),rdae:videoAdaptationOfExpression,Relates an expression to an expression of a work that has been adapted for video.,,rdac:C10006,rdac:C10006,rdau:P60236,rdae:P20152,rdae:P20067,1
,rdae:P20135,property,digestOfExpression,is digest of (expression),rdae:digestOfExpression,"Relates an expression to an expression of a work that has been digested, i.e., systematically and comprehensively condensed.",,rdac:C10006,rdac:C10006,rdau:P60238,rdae:P20204,rdae:P20170,1
,rdae:P20136,property,,,,,,,,,,,8
,rdae:P20137,property,absorptionOfExpression,is absorption of (expression),rdae:absorptionOfExpression,Relates an expression to an expression of a work that has been incorporated into another expression.,,rdac:C10006,rdac:C10006,rdau:P60574,rdae:P20154,rdae:P20143,1
,rdae:P20138,property,absorptionInPartOfExpression,is absorption in part of (expression),rdae:absorptionInPartOfExpression,Relates an expression to an expression of a work that has been partially incorporated into another expression.,,rdac:C10006,rdac:C10006,rdau:P60575,rdae:P20154,rdae:P20144,1
,rdae:P20139,property,arrangementOf,is arrangement of,rdae:arrangementOf,Relates an expression to an expression of a musical work that has been rewritten for a medium of performance different from that for which the work was originally intended.,,rdac:C10006,rdac:C10006,rdau:P60242,rdae:P20204,rdae:P20165,1
,rdae:P20140,property,freeTranslationOfExpression,is free translation of (expression),rdae:freeTranslationOfExpression,"Relates an expression to an expression of a work that has been translated freely, preserving the spirit of the original, but not its linguistic details.",,rdac:C10006,rdac:C10006,rdau:P60243,rdae:P20204,rdae:P20119,1
,rdae:P20141,property,translationOf,is translation of,rdae:translationOf,"Relates an expression to an expression of a work that has been translated, i.e., the text expressed in a language different from that of the original work.",,rdac:C10006,rdac:C10006,rdau:P60244,rdae:P20204,rdae:P20171,1
,rdae:P20142,property,parodiedAsExpression,is parodied as (expression),rdae:parodiedAsExpression,Relates an expression to an expression of a work that imitates the style or content of the source work for comic effect.,,rdac:C10006,rdac:C10006,rdau:P60246,rdae:P20114,rdae:P20196,1
,rdae:P20143,property,absorbedByExpression,is absorbed by (expression),rdae:absorbedByExpression,Relates an expression to an expression of a work that incorporates another expression.,,rdac:C10006,rdac:C10006,rdau:P60247,rdae:P20169,rdae:P20137,1
,rdae:P20144,property,absorbedInPartByExpression,is absorbed in part by (expression),rdae:absorbedInPartByExpression,Relates an expression to an expression of a work that incorporates part of the content of another expression.,,rdac:C10006,rdac:C10006,rdau:P60248,rdae:P20169,rdae:P20138,1
,rdae:P20145,property,containerOfExpression,is container of (expression),rdae:containerOfExpression,Relates an expression to an expression of a work that is a discrete component of a larger expression.,,rdac:C10006,rdac:C10006,rdau:P60249,rdae:P20236,rdae:P20074,1
,rdae:P20146,property,errataToExpression,is errata to (expression),rdae:errataToExpression,"Relates an expression to an expression of a work that is augmented by a list of errors in the predominant work, discovered after publication, with their corrections.",,rdac:C10006,rdac:C10006,rdau:P60251,rdae:P20192,rdae:P20093,1
,rdae:P20147,property,guideToExpression,is guide to (expression),rdae:guideToExpression,"Relates an expression to an expression of a work that is augmented by another work consisting of material to help the user of the predominant work, such as notes, learning and study aids, exercises, problems, questions and answers, instructor or student materials, etc.",,rdac:C10006,rdac:C10006,rdau:P60252,rdae:P20192,rdae:P20120,1
,rdae:P20148,property,illustrationsForExpression,is illustrations for (expression),rdae:illustrationsForExpression,Relates an expression to an expression of a work that is augmented by pictorial content designed to explain or decorate it.,,rdac:C10006,rdac:C10006,rdau:P60254,rdae:P20192,rdae:P20094,1
,rdae:P20149,property,continuationOfExpression,is continuation of (expression),rdae:continuationOfExpression,Relates an expression to an expression of a work that is continued by the content of an expression of a later work.,,rdac:C10006,rdac:C10006,rdau:P60576,rdae:P20154,rdae:P20191,1
,rdae:P20150,property,,,,,,,,,,,8
,rdae:P20151,property,supplementToExpression,is supplement to (expression),rdae:supplementToExpression,Relates an expression to an expression of a work that is updated or otherwise complemented by the augmenting expression.,,rdac:C10006,rdac:C10006,rdau:P60259,rdae:P20192,rdae:P20172,1
,rdae:P20152,property,adaptationOfExpression,is adaptation of (expression),rdae:adaptationOfExpression,"Relates an expression to an expression of a work that has been modified for a purpose, use, or medium other than that for which it was originally intended.",,rdac:C10006,rdac:C10006,rdau:P60241,rdae:P20204,rdae:P20153,1
,rdae:P20153,property,adaptedAsExpression,is adapted as (expression),rdae:adaptedAsExpression,Relates an expression to an expression of a work based on the source expression.,,rdac:C10006,rdac:C10006,rdau:P60260,rdae:P20203,rdae:P20152,1
,rdae:P20154,property,precededByExpression,is preceded by (expression),rdae:precededByExpression,"Relates an expression to an expression of a work that precedes (e.g., is earlier in time or before in narrative) the succeeding expression.",,rdac:C10006,rdac:C10006,rdau:P60261,rdae:P20235,rdae:P20169,1
,rdae:P20155,property,findingAidExpression,is finding aid (expression),rdae:findingAidExpression,"Relates an expression to an expression of a work that provides a guide to the organization, arrangement, and contents of an archival collection.",,rdac:C10006,rdac:C10006,rdau:P60262,rdae:P20105,rdae:P20197,1
,rdae:P20156,property,indexExpression,is index (expression),rdae:indexExpression,"Relates an expression to an expression of a work that provides a systematic, alphabetical guide to the contents of the predominant expression, usually keyed to page numbers or other reference codes.",,rdac:C10006,rdac:C10006,rdau:P60263,rdae:P20105,rdae:P20188,1
,rdae:P20157,property,screenplayExpression,is screenplay (expression),rdae:screenplayExpression,"Relates an expression to an expression of a work that provides the text for a motion picture, television program or video.",,rdac:C10006,rdac:C10006,rdau:P60264,rdae:P20100,rdae:P20102,1
,rdae:P20158,property,motionPictureScreenplayExpression,is motion picture screenplay (expression),rdae:motionPictureScreenplayExpression,Relates an expression to an expression of a work that provides the text for a motion picture.,,rdac:C10006,rdac:C10006,rdau:P60265,rdae:P20157,rdae:P20173,1
,rdae:P20159,property,musicalSettingOfExpression,is musical setting of (expression),rdae:musicalSettingOfExpression,"Relates an expression to an expression of a work that provides the text for a non-dramatic musical work, other than an oratorio.",,rdac:C10006,rdac:C10006,rdau:P60266,rdae:P20204,rdae:P20087,1
,rdae:P20160,property,radioScriptExpression,is radio script (expression),rdae:radioScriptExpression,Relates an expression to an expression of a work that provides the text for a radio program.,,rdac:C10006,rdac:C10006,rdau:P60267,rdae:P20100,rdae:P20176,1
,rdae:P20161,property,televisionScreenplayExpression,is television screenplay (expression),rdae:televisionScreenplayExpression,Relates an expression to an expression of a work that provides the text for a television program.,,rdac:C10006,rdac:C10006,rdau:P60268,rdae:P20157,rdae:P20174,1
,rdae:P20162,property,videoScreenplayExpression,is video screenplay (expression),rdae:videoScreenplayExpression,Relates an expression to an expression of a work that provides the text for a video.,,rdac:C10006,rdac:C10006,rdau:P60269,rdae:P20157,rdae:P20175,1
,rdae:P20163,property,librettoExpression,is libretto (expression),rdae:librettoExpression,"Relates an expression to an expression of a work that provides the text of an opera or other work for the musical stage, or an oratorio.",,rdac:C10006,rdac:C10006,rdau:P60270,rdae:P20100,rdae:P20084,1
,rdae:P20164,property,paraphrasedAsExpression,is paraphrased as (expression),rdae:paraphrasedAsExpression,Relates an expression to an expression of a work that restates the content of the source work in a different form.,,rdac:C10006,rdac:C10006,rdau:P60273,rdae:P20203,rdae:P20186,1
,rdae:P20165,property,arrangedAs,is arranged as,rdae:arrangedAs,Relates an expression to an expression of a musical work that rewrites the source expression for a medium of performance different from that for which the work was originally intended.,,rdac:C10006,rdac:C10006,rdau:P60274,rdae:P20203,rdae:P20139,1
,rdae:P20166,property,abridgedAsExpression,is abridged as (expression),rdae:abridgedAsExpression,Relates an expression to an expression of a work that shortens the source expression without changing the general meaning or manner of presentation.,,rdac:C10006,rdac:C10006,rdau:P60275,rdae:P20203,rdae:P20121,1
,rdae:P20167,property,continuationInPartOfExpression,is continuation in part of (expression),rdae:continuationInPartOfExpression,Relates an expression to an expression of a work that split into two or more separate expressions with new titles.,,rdac:C10006,rdac:C10006,rdau:P60276,rdae:P20154,rdae:P20200,1
,rdae:P20168,property,separatedFromExpression,is separated from (expression),rdae:separatedFromExpression,Relates an expression to an expression of a work that spun off a part of its content to form a new expression.,,rdac:C10006,rdac:C10006,rdau:P60277,rdae:P20154,rdae:P20101,1
,rdae:P20169,property,succeededByExpression,is succeeded by (expression),rdae:succeededByExpression,"Relates an expression to an expression of a work that succeeds (e.g., later in time or after in a narrative) the preceding expression.",,rdac:C10006,rdac:C10006,rdau:P60278,rdae:P20235,rdae:P20154,1
,rdae:P20170,property,digestedAsExpression,is digested as (expression),rdae:digestedAsExpression,Relates an expression to an expression of a work that systematically and comprehensively condenses the source expression.,,rdac:C10006,rdac:C10006,rdau:P60279,rdae:P20203,rdae:P20135,1
,rdae:P20171,property,translatedAs,is translated as,rdae:translatedAs,Relates an expression to an expression of a work that translates the text of the source expression into a language different from that of the original work.,,rdac:C10006,rdac:C10006,rdau:P60280,rdae:P20203,rdae:P20141,1
,rdae:P20172,property,supplementExpression,is supplement (expression),rdae:supplementExpression,Relates an expression to an expression of a work that updates or otherwise complements the predominant expression.,,rdac:C10006,rdac:C10006,rdau:P60281,rdae:P20105,rdae:P20151,1
,rdae:P20173,property,screenplayForMotionPictureExpression,is screenplay for motion picture (expression),rdae:screenplayForMotionPictureExpression,Relates an expression to an expression of a work that uses the text as a screenplay for a motion picture.,,rdac:C10006,rdac:C10006,rdau:P60282,rdae:P20102,rdae:P20158,1
,rdae:P20174,property,screenplayForTelevisionProgramExpression,is screenplay for television program (expression),rdae:screenplayForTelevisionProgramExpression,Relates an expression to an expression of a work that uses the text as a screenplay for a television program.,,rdac:C10006,rdac:C10006,rdau:P60283,rdae:P20102,rdae:P20161,1
,rdae:P20175,property,screenplayForVideoExpression,is screenplay for video (expression),rdae:screenplayForVideoExpression,Relates an expression to an expression of a work that uses the text as a screenplay for a video.,,rdac:C10006,rdac:C10006,rdau:P60284,rdae:P20102,rdae:P20162,1
,rdae:P20176,property,scriptForRadioProgramExpression,is script for radio program (expression),rdae:scriptForRadioProgramExpression,Relates an expression to an expression of a work that uses the text of the source work as the script for a radio program.,,rdac:C10006,rdac:C10006,rdau:P60285,rdae:P20100,rdae:P20160,1
,rdae:P20177,property,addendaToExpression,is addenda to (expression),rdae:addendaToExpression,"Relates an expression to an expression of a work to which is added brief additional material, less extensive than a supplement, but essential to the completeness of the content of the work; it is usually added at the end of the content but is sometimes issued separately from it.",,rdac:C10006,rdac:C10006,rdau:P60286,rdae:P20192,rdae:P20109,1
,rdae:P20178,property,,,,,,,,,,,1
,rdae:P20179,property,summaryOfExpression,is summary of (expression),rdae:summaryOfExpression,Relates an expression to an expression of a work used as the basis for a brief recapitulation of its content.,,rdac:C10006,rdac:C10006,rdau:P60289,rdae:P20204,rdae:P20106,1
,rdae:P20180,property,catalogueOfExpression,is catalogue of (expression),rdae:catalogueOfExpression,"Relates an expression to an expression of a work used as the basis for a catalogue, i.e., a complete enumeration of items arranged systematically.",,rdac:C10006,rdac:C10006,rdau:P60290,rdae:P20192,rdae:P20107,1
,rdae:P20181,property,concordanceToExpression,is concordance to (expression),rdae:concordanceToExpression,"Relates an expression to an expression of a work used as the basis for a concordance, i.e., an index of all the words in the predominant expression.",,rdac:C10006,rdac:C10006,rdau:P60291,rdae:P20192,rdae:P20108,1
,rdae:P20182,property,,,,,,,,,,,1
,rdae:P20183,property,choreographicAdaptationOfExpression,is choreographic adaptation of (expression),rdae:choreographicAdaptationOfExpression,"Relates an expression to an expression of a work that has been adapted as a work consisting of movement (e.g., dance).",,rdac:C10006,rdac:C10006,rdau:P60293,rdae:P20152,rdae:P20092,1
,rdae:P20184,property,expandedVersionOfExpression,is expanded version of (expression),rdae:expandedVersionOfExpression,Relates an expression to an expression of a work used as the basis for a derivative work that enlarges upon the content of the source work.,,rdac:C10006,rdac:C10006,rdau:P60294,rdae:P20204,rdae:P20115,1
,rdae:P20185,property,remakeOfExpression,is remake of (expression),rdae:remakeOfExpression,"Relates an expression to an expression of a work used as the basis for a new motion picture, radio program, television program, or video.",,rdac:C10006,rdac:C10006,rdau:P60295,rdae:P20204,rdae:P20086,1
,rdae:P20186,property,paraphraseOfExpression,is paraphrase of (expression),rdae:paraphraseOfExpression,"Relates an expression to an expression of a work used as the basis for a paraphrase, i.e., a restating of the content of the source work in a different form.",,rdac:C10006,rdac:C10006,rdau:P60296,rdae:P20204,rdae:P20164,1
,rdae:P20187,property,,,,,,,,,,,1
,rdae:P20188,property,indexToExpression,is index to (expression),rdae:indexToExpression,"Relates an expression to an expression of a work used as the basis for an index, i.e., a systematic, alphabetical guide to the contents of the predominant expression, usually keyed to page numbers or other reference codes.",,rdac:C10006,rdac:C10006,rdau:P60302,rdae:P20192,rdae:P20156,1
,rdae:P20189,property,revisionOf,is revision of,rdae:revisionOf,"Relates an expression to an expression of a work used as the basis for an updated, corrected, or expanded version.",,rdac:C10006,rdac:C10006,rdau:P60303,rdae:P20204,rdae:P20211,1
,rdae:P20190,property,librettoBasedOnExpression,is libretto based on (expression),rdae:librettoBasedOnExpression,"Relates an expression to an expression of a work used as the basis for the text of an opera or other work for the musical stage, or an oratorio.",,rdac:C10006,rdac:C10006,rdau:P60304,rdae:P20152,rdae:P20110,1
,rdae:P20191,property,continuedByExpression,is continued by (expression),rdae:continuedByExpression,Relates an expression to an expression of a work whose content continues an expression of an earlier work.,,rdac:C10006,rdac:C10006,rdau:P60306,rdae:P20169,rdae:P20149,1
,rdae:P20192,property,augmentationOfExpression,is augmentation of (expression),rdae:augmentationOfExpression,Relates an expression to an expression of a work whose content is added to by another expression.,,rdac:C10006,rdac:C10006,rdau:P60307,rdae:P20232,rdae:P20105,1
,rdae:P20193,property,abstractsForExpression,is abstracts for (expression),rdae:abstractsForExpression,Relates an expression to an expression of a work whose contents have been abstracted by an abstracting and indexing service.,,rdac:C10006,rdac:C10006,rdau:P60308,rdae:P20204,rdae:P20090,1
,rdae:P20194,property,indexingForExpression,is indexing for (expression),rdae:indexingForExpression,Relates an expression to an expression of a work whose contents have been indexed by an abstracting and indexing service.,,rdac:C10006,rdac:C10006,rdau:P60309,rdae:P20204,rdae:P20091,1
,rdae:P20195,property,imitationOfExpression,is imitation of (expression),rdae:imitationOfExpression,Relates an expression to an expression of a work whose style or content is copied in a derivative work.,,rdac:C10006,rdac:C10006,rdau:P60311,rdae:P20204,rdae:P20114,1
,rdae:P20196,property,parodyOfExpression,is parody of (expression),rdae:parodyOfExpression,Relates an expression to an expression of a work whose style or content is imitated for comic effect.,,rdac:C10006,rdac:C10006,rdau:P60312,rdae:P20195,rdae:P20142,1
,rdae:P20197,property,findingAidForExpression,is finding aid for (expression),rdae:findingAidForExpression,"Relates an expression to an expression of an archival collection that is described in a finding aid, i.e., a guide to the organization, arrangement, and contents of the collection.",,rdac:C10006,rdac:C10006,rdau:P60474,rdae:P20192,rdae:P20155,1
,rdae:P20198,property,replacementInPartOfExpression,is replacement in part of (expression),rdae:replacementInPartOfExpression,"Relates an expression to an expression of an earlier work whose content has been partially replaced by a later expression, usually because the later work contains updated or new information that makes the earlier expression obsolete.",,rdac:C10006,rdac:C10006,rdau:P60479,rdae:P20154,rdae:P20075,1
,rdae:P20199,property,replacementOfExpression,is replacement of (expression),rdae:replacementOfExpression,"Relates an expression to an expression of an earlier work whose content has been replaced by a later expression, usually because the later work contains updated or new information that makes the earlier expression obsolete.",,rdac:C10006,rdac:C10006,rdau:P60480,rdae:P20154,rdae:P20076,1
,rdae:P20200,property,splitIntoExpression,is split into (expression),rdae:splitIntoExpression,Relates an expression to an expression of one of two or more works resulting from the division of an earlier expression into separate expressions.,,rdac:C10006,rdac:C10006,rdau:P60503,rdae:P20169,rdae:P20167,1
,rdae:P20201,property,mergerOfExpression,is merger of (expression),rdae:mergerOfExpression,Relates an expression to an expression of a work that came together with one or more other expressions to form the new expression.,,rdac:C10006,rdac:C10006,rdau:P60505,rdae:P20154,rdae:P20212,1
,rdae:P20202,property,,,,,,,,,,,1
,rdae:P20203,property,derivativeExpression,is derivative (expression),rdae:derivativeExpression,Relates an expression to an expression that is a modification of a source expression.,,rdac:C10006,rdac:C10006,rdau:P60250,rdae:P20233,rdae:P20204,1
,rdae:P20204,property,basedOnExpression,is based on (expression),rdae:basedOnExpression,Relates an expression to an expression used as the basis for a derivative expression,,rdac:C10006,rdac:C10006,rdau:P60305,rdae:P20233,rdae:P20203,1
,rdae:P20205,property,relatedExpression,has related expression,rdae:relatedExpression,"Relates an expression to an expression, represented by an identifier, an authorized access point, or a description, that is related to the expression being described (e.g., a revised version, a translation).",,rdac:C10006,rdac:C10006,rdau:P60313,,rdae:P20205,1
,rdae:P20206,property,supplementaryContent,has supplementary content,rdae:supplementaryContent,"Relates an expression to content (e.g., an index, a bibliography, an appendix) intended to supplement the primary content of a resource.",,rdac:C10006,,rdau:P60485,,,1
,rdae:P20207,property,illustrativeContent,has illustrative content,rdae:illustrativeContent,Relates an expression to content intended to illustrate the primary content of a resource.,,rdac:C10006,,rdau:P60486,,,1
,rdae:P20208,property,accessibilityContent,has accessibility content,rdae:accessibilityContent,Relates an expression to content that assists those with a sensory impairment in the greater understanding of content which their impairment prevents them fully seeing or hearing.,,rdac:C10006,,rdau:P60487,,,1
,rdae:P20209,property,formatOfNotatedMusic,has format of notated music,rdae:formatOfNotatedMusic,Relates an expression to the musical or physical layout of the content of a resource that is presented in the form of musical notation.,,rdac:C10006,,rdau:P60488,,,1
,rdae:P20210,property,otherDetailsOfCartographicContent,has other details of cartographic content,rdae:otherDetailsOfCartographicContent,"Relates an expression to mathematical data and other features of the cartographic content of a resource not recorded in statements of scale, projection, and coordinates.",,rdac:C10006,,rdau:P60498,,,1
,rdae:P20211,property,revisedAs,is revised as,rdae:revisedAs,"Relates an expression to an expression of a work that has been updated, corrected, or expanded.",,rdac:C10006,rdac:C10006,rdau:P60245,rdae:P20203,rdae:P20189,1
,rdae:P20212,property,mergedToFormExpression,is merged to form (expression),rdae:mergedToFormExpression,Relates an expression to an expression of a work formed from the coming together of two or more expressions.,,rdac:C10006,rdac:C10006,rdau:P60504,rdae:P20169,rdae:P20201,1
,rdae:P20213,property,additionalScaleInformation,has additional scale information,rdae:additionalScaleInformation,Relates an expression to supplemental information about scale such as a statement of comparative measurements or limitation of the scale to particular parts of the content of a resource.,,rdac:C10006,,rdau:P60510,rdae:P20228,,1
,rdae:P20214,property,dateOfExpression,has date of expression,rdae:dateOfExpression,Relates an expression to the earliest date associated with an expression.,,rdac:C10006,,rdau:P60527,,,1
,rdae:P20215,property,mediumOfPerformanceOfMusicalContent,has medium of performance of musical content,rdae:mediumOfPerformanceOfMusicalContent,"Relates an expression to the instrument, instruments, voice, voices, etc., used (or intended to be used) for performance of musical content.",,rdac:C10006,,rdau:P60537,,,1
,rdae:P20216,property,projectionOfCartographicContent,has projection of cartographic content,rdae:projectionOfCartographicContent,Relates an expression to the method or system used to represent the surface of the earth or of a celestial sphere on a plane.,,rdac:C10006,,rdau:P60542,,,1
,rdae:P20217,property,placeAndDateOfCapture,has place and date of capture,rdae:placeAndDateOfCapture,"Relates an expression to the place and date associated with the capture (i.e., recording, filming, etc.) of the content of a resource.",,rdac:C10006,,rdau:P60555,,,1
,rdae:P20218,property,placeOfCapture,has place of capture,rdae:placeOfCapture,"Relates an expression to the place associated with the capture (i.e., recording, filming, etc.) of the content of a resource.",,rdac:C10006,,rdau:P60556,,,1
,rdae:P20219,property,duration,has duration,rdae:duration,"Relates an expression to the playing time, performance time, running time, etc., of the content of a resource.",,rdac:C10006,,rdau:P60557,,,1
,rdae:P20220,property,,,,,,,,,,,1
,rdae:P20221,property,,,,,,,,,,,1
,rdae:P20222,property,,,,,,,,,,,1
,rdae:P20223,property,,,,,,,,,,,1
,rdae:P20224,property,colourContent,has colour content,rdae:colourContent,"Relates an expression to the presence of colour, tone, etc., in the content of a resource. ",,rdac:C10006,,rdau:P60558,,,1
,rdae:P20225,property,soundContent,has sound content,rdae:soundContent,Relates an expression to the presence of sound in a resource other than one that consists primarily of recorded sound.,,rdac:C10006,,rdau:P60559,,,1
,rdae:P20226,property,horizontalScaleOfCartographicContent,has horizontal scale of cartographic content,rdae:horizontalScaleOfCartographicContent,Relates an expression to the ratio of horizontal distances in the cartographic content of a resource to the actual distances they represent.,,rdac:C10006,,rdau:P60563,rdae:P20228,,1
,rdae:P20227,property,scaleOfStillImageOrThreeDimensionalForm,has scale of still image or three-dimensional form,rdae:scaleOfStillImageOrThreeDimensionalForm,Relates an expression to the ratio of the dimensions of a still image or three-dimensional form contained or embodied in a resource to the dimensions of the thing it represents.,,rdac:C10006,,rdau:P60564,rdae:P20228,,1
,rdae:P20228,property,scale,has scale,rdae:scale,Relates an expression to the ratio of the dimensions of an image or three-dimensional form contained or embodied in a resource to the dimensions of the thing it represents.,"Scale can apply to horizontal, vertical, angular, and/or other measurements represented in the resource.",rdac:C10006,,rdau:P60565,,,1
,rdae:P20229,property,aspectRatio,has aspect ratio,rdae:aspectRatio,Relates an expression to the ratio of the width to the height of a moving image.,,rdac:C10006,,rdau:P60566,,,1
,rdae:P20230,property,verticalScaleOfCartographicContent,has vertical scale of cartographic content,rdae:verticalScaleOfCartographicContent,Relates an expression to the scale of elevation or vertical dimension of the cartographic content of a resource.,,rdac:C10006,,rdau:P60579,rdae:P20228,,1
,rdae:P20231,property,workExpressed,has work expressed,rdae:workExpressed,Relates an expression to the work realized through an expression.,,rdac:C10006,rdac:C10001,,,rdaw:P10078,1
,rdae:P20232,property,accompanyingExpressionRelationship,has accompanying expression relationship with,rdae:accompanyingExpressionRelationship,"Relates an expression to an expression of a work that is an augmentation of, or is augmented by, or is complemented by the expression.",,rdac:C10006,rdac:C10006,rdau:P60709,rdae:P20205,rdae:P20232,1
,rdae:P20233,property,derivativeExpressionRelationship,has derivative expression relationship with,rdae:derivativeExpressionRelationship,Relates an expression to an expression of a work that is based on or is a derivative of the expression.,,rdac:C10006,rdac:C10006,rdau:P60710,rdae:P20205,rdae:P20233,1
,rdae:P20234,property,,,,,,,,,,,1
,rdae:P20235,property,sequentialExpressionRelationship,has sequential expression relationship with,rdae:sequentialExpressionRelationship,Relates an expression to an expression of a work that is preceded by or succeeded by the expression.,,rdac:C10006,rdac:C10006,rdau:P60713,rdae:P20205,,1
,rdae:P20236,property,wholePartExpressionRelationship,has whole-part expression relationship with,rdae:wholePartExpressionRelationship,Relates an expression to an expression that is contained in or contains the expression.,,rdac:C10006,rdac:C10006,rdau:P60714,rdae:P20205,,1
,rdae:P20237,property,writerOfAfterword,has writer of afterword,rdae:writerOfAfterword,"Relates an expression to a person, family, or corporate body contributing to an expression of a work by providing an afterword to the original work.",,rdac:C10006,rdac:C10002,rdau:P60715,rdae:P20046,rdaa:P50227,1
,rdae:P20238,property,writerOfPostface,has writer of postface,rdae:writerOfPostface,"Relates an expression to a person, family, or corporate body contributing to an expression of a work by providing a postface to the original work.",,rdac:C10006,rdac:C10002,rdau:P60716,rdae:P20046,rdaa:P50228,1
,rdae:P20239,property,musicalTheatreAdaptationOfExpression,is musical theatre adaptation of (expression),rdae:musicalTheatreAdaptationOfExpression,Relates an expression to an expression of a work that has been adapted as a musical theatre work.,,rdac:C10006,rdac:C10006,rdau:P60719,rdae:P20152,rdae:P20241,1
,rdae:P20240,property,operaAdaptationOfExpression,is opera adaptation of (expression),rdae:operaAdaptationOfExpression,Relates an expression to an expression of a work that has been adapted as an opera.,,rdac:C10006,rdac:C10006,rdau:P60720,rdae:P20152,rdae:P20242,1
,rdae:P20241,property,adaptedAsMusicalTheatreExpression,is adapted as musical theatre (expression) ,rdae:adaptedAsMusicalTheatreExpression,Relates an expression to an expression of a musical theatre work based on the source expression.,,rdac:C10006,rdac:C10006,rdau:P60721,rdae:P20153,rdae:P20239,1
,rdae:P20242,property,adaptedAsOperaExpression,is adapted as opera (expression) ,rdae:adaptedAsOperaExpression,Relates an expression to an expression of an opera based on the source expression.,,rdac:C10006,rdac:C10006,rdau:P60722,rdae:P20153,rdae:P20240,1
,rdae:P20243,property,musicExpression,is music (expression),rdae:musicExpression,"Relates an expression to an expression of a musical work that is used in a motion picture, play, television program, etc.",,rdac:C10006,rdac:C10006,rdau:P60723,rdae:P20100,rdae:P20244,1
,rdae:P20244,property,musicForExpression,is music for (expression),rdae:musicForExpression,"Relates an expression to an expression of a work such as a motion picture, play, television program, etc. that uses the musical work.",,rdac:C10006,rdac:C10006,rdau:P60724,rdae:P20100,rdae:P20243,1
,rdae:P20245,property,videoMusicExpression ,is video music (expression) ,rdae:videoMusicExpression ,Relates an expression to an expression of a musical work that is used in a video.,,rdac:C10006,rdac:C10006,rdau:P60725,rdae:P20243,rdae:P20246,1
,rdae:P20246,property,musicForVideoExpression,is music for video (expression),rdae:musicForVideoExpression,Relates an expression to an expression of a work that uses the musical work in a video. ,,rdac:C10006,rdac:C10006,rdau:P60726,rdae:P20244,rdae:P20245,1
,rdae:P20247,property,televisionProgramMusicExpression,is television program music (expression),rdae:televisionProgramMusicExpression,Relates an expression to an expression of a musical work that is used in a television program. ,,rdac:C10006,rdac:C10006,rdau:P60727,rdae:P20243,rdae:P20248,1
,rdae:P20248,property,musicForTelevisionProgramExpression,is music for television program (expression),rdae:musicForTelevisionProgramExpression,Relates an expression to an expression of a work that uses the musical work in a television program.,,rdac:C10006,rdac:C10006,rdau:P60728,rdae:P20244,rdae:P20247,1
,rdae:P20249,property,radioProgramMusicExpression,is radio program music (expression),rdae:radioProgramMusicExpression,Relates an expression to an expression of a musical work that is used in a radio program.,,rdac:C10006,rdac:C10006,rdau:P60729,rdae:P20243,rdae:P20250,1
,rdae:P20250,property,musicForRadioProgramExpression,is music for radio program (expression),rdae:musicForRadioProgramExpression,Relates an expression to an expression of a work that uses the musical work in a radio program.,,rdac:C10006,rdac:C10006,rdau:P60730,rdae:P20244,rdae:P20249,1
,rdae:P20251,property,motionPictureMusicExpression,is motion picture music (expression),rdae:motionPictureMusicExpression,Relates an expression to an expression of a musical work that is used in a motion picture.,,rdac:C10006,rdac:C10006,rdau:P60731,rdae:P20243,rdae:P20252,1
,rdae:P20252,property,musicForMotionPictureExpression,is music for motion picture (expression),rdae:musicForMotionPictureExpression,Relates an expression to an expression of a work that uses the musical work in a motion picture.,,rdac:C10006,rdac:C10006,rdau:P60732,rdae:P20244,rdae:P20251,1
,rdae:P20253,property,choreographyExpression,is choreography (expression),rdae:choreographyExpression,Relates an expression to an expression of a work that provides the choreography for use in the related expression.,,rdac:C10006,rdac:C10006,rdau:P60740,rdae:P20100,rdae:P20254,1
,rdae:P20254,property,choreographyForExpression,is choreography for (expression),rdae:choreographyForExpression,Relates an expression to an expression of a work that uses the choreography of the related expression. ,,rdac:C10006,rdac:C10006,rdau:P60741,rdae:P20100,rdae:P20253,1
,rdae:P20255,property,adaptedAsGraphicNovelExpression,is adapted as graphic novel (expression),rdae:adaptedAsGraphicNovelExpression,Relates an expression to a graphic novel based on the source expression.,,rdac:C10006,rdac:C10006,rdau:P60742,rdae:P20153,rdae:P20256,1
,rdae:P20256,property,graphicNovelizationOfExpression,is graphic novelization of (expression),rdae:graphicNovelizationOfExpression,Relates an expression to an expression of a work that has been adapated as a graphic novel.,,rdac:C10006,rdac:C10006,rdau:P60743,rdae:P20152,rdae:P20255,1
,rdae:P20257,property,visualEffectsProvider,has visual effects provider,rdae:visualEffectsProvider,"Relates an expression to a person, family, or corporate body contributing to an expression of a moving image work by designing and creating post-production visual effects.",,rdac:C10006,rdac:C10002,rdau:P60748,rdae:P20053,rdaa:P50243,1
,rdae:P20258,property,specialEffectsProvider,has special effects provider,rdae:specialEffectsProvider,"Relates an expression to a person, family, or corporate body contributing to an expression of a moving image or audio work by designing and creating on-set special effects (on-set mechanical effects and in-camera optical effects).",,rdac:C10006,rdac:C10002,rdau:P60749,rdae:P20053,rdaa:P50244,1
,rdae:P20259,property,letterer,has letterer,rdae:letterer,"Relates an expression to an illustrator contributing to an expression of a comic book, graphic novel, etc., by drawing the text and graphic sound effects.",,rdac:C10006,rdac:C10002,rdau:P60750,rdae:P20051,rdaa:P50245,1
,rdae:P20260,property,detailsOfAspectRatio,has details of aspect ratio,rdae:detailsOfAspectRatio,Relates an expression to details of the ratio of the width to the height of a moving image.,,rdac:C10006,,rdau:P60760,,,1
,rdae:P20261,property,detailsOfColourContent,has details of colour content,rdae:detailsOfColourContent,"Relates an expression to details of the presence of colour, tone, etc., in the content of a resource, and the specific colours, tones, etc., (including black and white) present.",,rdac:C10006,,rdau:P60761,,,1
,rdae:P20262,property,detailsOfFormOfMusicalNotation,has details of form of musical notation,rdae:detailsOfFormOfMusicalNotation,Relates an expression to details of the set of characters and/or symbols used to express the musical content of a resource.,,rdac:C10006,,rdau:P60762,,,1
,rdae:P20263,property,detailsOfFormOfNotatedMovement,has details of form of notated movement,rdae:detailsOfFormOfNotatedMovement,Relates an expression to details of the set of characters and/or symbols used to express the movement content of a resource.,,rdac:C10006,,rdau:P60763,,,1
,rdae:P20264,property,detailsOfFormatOfNotatedMusic,has details of format of notated music,rdae:detailsOfFormatOfNotatedMusic,Relates an expression to details of the musical or physical layout of the content of a resource that is presented in the form of musical notation.,,rdac:C10006,,rdau:P60764,,,1
,rdae:P20265,property,detailsOfFormOfTactileNotation,has details of form of tactile notation,rdae:detailsOfFormOfTactileNotation,Relates an expression to details of the set of characters and/or symbols used to express the content of a resource in a form that can be perceived through touch.,,rdac:C10006,,rdau:P60765,,,1
,rdae:P20266,property,detailsOfScript,has details of script,rdae:detailsOfScript,Relates an expression to details of the set of characters and/or symbols used to express the written language content of a resource.,,rdac:C10006,,rdau:P60766,,,1
,rdae:P20267,property,detailsOfIllustrativeContent,has details of illustrative content,rdae:detailsOfIllustrativeContent,Relates an expression to details of content intended to illustrate the primary content of a resource.,,rdac:C10006,,rdau:P60804,,,1
,rdae:P20268,property,subjectOfExpression,is subject of (expression),rdae:subjectOfExpression,Relates an expression to a work that is about the expression.,,rdac:C10006,rdac:C10001,rdau:P60806,rdaw:P10283,rdaw:P10258,1
,rdae:P20269,property,describedInExpression,is described in (expression),rdae:describedInExpression,Relates an expression to a work that describes a described expression. ,,rdac:C10006,rdac:C10001,rdau:P60215,rdae:P20268,rdaw:P10277,1
,rdae:P20270,property,analysedInExpression,is analysed in (expression),rdae:analysedInExpression,Relates a expression to a work that examines the source expression to identify its components and their relations.,,rdac:C10006,rdac:C10001,rdau:P60219,rdae:P20269,rdaw:P10278,1
,rdae:P20271,property,commentaryInexpression,is commentary in (expression),rdae:commentaryInexpression,Relates a expression to a work that contains a set of explanatory or critical notes on the described expression. ,,rdac:C10006,rdac:C10001,rdau:P60213,rdae:P20269,rdaw:P10282,1
,rdae:P20272,property,critiqued in (expression),is critiqued in (expression),rdae:critiquedInexpression,Relates a expression to a work that contains a critical evaluation of the described expression.,,rdac:C10006,rdac:C10001,rdau:P60212,rdae:P20269,rdaw:P10281,1
,rdae:P20273,property,evaluatedInexpression,is evaluated in (expression),rdae:evaluatedInexpression,Relates a expression to a work that examines or judges the described expression.,,rdac:C10006,rdac:C10001,rdau:P60218,rdae:P20269,rdaw:P10279,1
,rdae:P20274,property,reviewedInexpression,is reviewed in (expression),rdae:reviewedInexpression,Relates a expression to a work that contains a brief evaluation of the described expression.,,rdac:C10006,rdac:C10001,rdau:P60211,rdae:P20269,rdaw:P10280,1
,rdae:P20275,property,writerOfForeword,has writer of foreword,rdae:writerOfForeword,"Relates an expression to a person, family, or corporate body contributing to an expression of a work by providing a foreword to the original work.",,rdac:C10006,rdac:C10002,rdau:P60809,rdae:P20046,rdaa:P50254,1
,rdae:P20276,property,soundDesigner,has sound designer,rdae:soundDesigner,"Relates an expression to a person, family or corporate body contributing to an expression of a work by designing and creating audio/sound components.",,rdac:C10006,rdac:C10002,rdau:P60811,rdae:P20053,rdaa:P50255,1
,rdae:P20277,property,lightingDesigner,has lighting designer,rdae:lightingDesigner,"Relates an expression to a person, family or corporate body contributing to an expression of a work by designing and creating lighting components.",,rdac:C10006,rdac:C10002,rdau:P60813,rdae:P20053,rdaa:P50256,1