dc:title,dc:description,vann:preferredNamespacePrefix,dc:issued,dc:modified,owl:versionInfo,dc:rights,cc:licence,dc:creator,dc:contributor,dc:publisher,dc:type,rdf:type,Folder title (for URI formula),Namespace URI (formula)
RDA Aspect Ratio Designation,Concepts for a general designation of the ratio of the width to the height of a moving image.,rdaar,2009-03-31,2021-07-20,v4.1.0,"Copyright © 2020 American Library Association, Canadian Federation of Library Associations, and CILIP: Chartered Institute of Library and Information Professionals",https://creativecommons.org/licenses/by/4.0/deed.en_US,RDA Steering Committee,RSC Technical Working Group,ALA Digital Reference,rdaldw:1002,skos:ConceptScheme,AspectRatio,http://rdaregistry.info/termList/AspectRatio
RDA Bibliographic Format,"Concepts for a proportional relationship between a whole sheet and the individual leaves that result if that sheet is left full, cut, or folded in a manifestation.",rdabf,2009-04-12,2021-07-20,v4.1.0,"Copyright © 2020 American Library Association, Canadian Federation of Library Associations, and CILIP: Chartered Institute of Library and Information Professionals",https://creativecommons.org/licenses/by/4.0/deed.en_US,RDA Steering Committee,RSC Technical Working Group,ALA Digital Reference,rdaldw:1002,skos:ConceptScheme,bookFormat,http://rdaregistry.info/termList/bookFormat
RDA Broadcast Standard,Concepts for a system used to format a manifestation of a video for television broadcast.,rdabs,2009-04-14,2021-07-20,v4.1.0,"Copyright © 2020 American Library Association, Canadian Federation of Library Associations, and CILIP: Chartered Institute of Library and Information Professionals",https://creativecommons.org/licenses/by/4.0/deed.en_US,RDA Steering Committee,RSC Technical Working Group,ALA Digital Reference,rdaldw:1002,skos:ConceptScheme,broadcastStand,http://rdaregistry.info/termList/broadcastStand
RDA Carrier Extent Unit,Concepts for a type of unit or subunit of a manifestation.,rdacarx,2016-07-14,2021-07-20,v4.1.0,"Copyright © 2020 American Library Association, Canadian Federation of Library Associations, and CILIP: Chartered Institute of Library and Information Professionals",https://creativecommons.org/licenses/by/4.0/deed.en_US,RDA Steering Committee,RSC Technical Working Group,ALA Digital Reference,rdaldw:1002,skos:ConceptScheme,RDACarrierEU,http://rdaregistry.info/termList/RDACarrierEU
RDA Carrier Type,"Concepts for a categorization reflecting the format of the storage medium and housing of a carrier in combination with the type of intermediation device required to view, play, run, or otherwise access the content of a manifestation.",rdact,2009-01-01,2021-07-20,v4.1.0,"Copyright © 2020 American Library Association, Canadian Federation of Library Associations, and CILIP: Chartered Institute of Library and Information Professionals",https://creativecommons.org/licenses/by/4.0/deed.en_US,RDA Steering Committee,RSC Technical Working Group,ALA Digital Reference,rdaldw:1002,skos:ConceptScheme,RDACarrierType,http://rdaregistry.info/termList/RDACarrierType
RDA Cartographic Data Type,Concepts for a machine-readable representation of geospatial features.,rdacdt,2016-07-12,2021-07-20,v4.1.0,"Copyright © 2020 American Library Association, Canadian Federation of Library Associations, and CILIP: Chartered Institute of Library and Information Professionals",https://creativecommons.org/licenses/by/4.0/deed.en_US,RDA Steering Committee,RSC Technical Working Group,ALA Digital Reference,rdaldw:1002,skos:ConceptScheme,RDACartoDT,http://rdaregistry.info/termList/RDACartoDT
RDA Colour Content,Concepts for an indication of the presence of colour or tone embodied by a manifestation.,rdacc,2015-03-14,2021-07-20,v4.1.0,"Copyright © 2020 American Library Association, Canadian Federation of Library Associations, and CILIP: Chartered Institute of Library and Information Professionals",https://creativecommons.org/licenses/by/4.0/deed.en_US,RDA Steering Committee,RSC Technical Working Group,ALA Digital Reference,rdaldw:1002,skos:ConceptScheme,RDAColourContent,http://rdaregistry.info/termList/RDAColourContent
RDA Configuration of Playback Channels,Concepts for a number of sound channels used to make a recording.,rdacpc,2009-04-13,2021-07-20,v4.1.0,"Copyright © 2020 American Library Association, Canadian Federation of Library Associations, and CILIP: Chartered Institute of Library and Information Professionals",https://creativecommons.org/licenses/by/4.0/deed.en_US,RDA Steering Committee,RSC Technical Working Group,ALA Digital Reference,rdaldw:1002,skos:ConceptScheme,configPlayback,http://rdaregistry.info/termList/configPlayback
RDA Content Type,Concepts for a categorization that reflects the fundamental form of communication in which  the content is expressed and the human sense through which it is intended to be perceived.,rdaco,2008-12-31,2021-07-20,v4.1.0,"Copyright © 2020 American Library Association, Canadian Federation of Library Associations, and CILIP: Chartered Institute of Library and Information Professionals",https://creativecommons.org/licenses/by/4.0/deed.en_US,RDA Steering Committee,RSC Technical Working Group,ALA Digital Reference,rdaldw:1002,skos:ConceptScheme,RDAContentType,http://rdaregistry.info/termList/RDAContentType
RDA Extension Plan,Concepts for a categorization that reflects an intention to extend the content of a work.,rdaep,2018-04-18,2021-07-20,v4.1.0,"Copyright © 2020 American Library Association, Canadian Federation of Library Associations, and CILIP: Chartered Institute of Library and Information Professionals",https://creativecommons.org/licenses/by/4.0/deed.en_US,RDA Steering Committee,RSC Technical Working Group,ALA Digital Reference,rdaldw:1002,skos:ConceptScheme,RDAExtensionPlan,http://rdaregistry.info/termList/RDAExtensionPlan
RDA File Type,Concepts for a general type of data content encoded in a computer file.,rdaft,2009-06-01,2021-07-20,v4.1.0,"Copyright © 2020 American Library Association, Canadian Federation of Library Associations, and CILIP: Chartered Institute of Library and Information Professionals",https://creativecommons.org/licenses/by/4.0/deed.en_US,RDA Steering Committee,RSC Technical Working Group,ALA Digital Reference,rdaldw:1002,skos:ConceptScheme,fileType,http://rdaregistry.info/termList/fileType
RDA Font Size,Concepts for a size of the type that is used to represent the characters and symbols in a manifestation.,rdafs,2009-04-12,2021-07-20,v4.1.0,"Copyright © 2020 American Library Association, Canadian Federation of Library Associations, and CILIP: Chartered Institute of Library and Information Professionals",https://creativecommons.org/licenses/by/4.0/deed.en_US,RDA Steering Committee,RSC Technical Working Group,ALA Digital Reference,rdaldw:1002,skos:ConceptScheme,fontSize,http://rdaregistry.info/termList/fontSize
RDA Form of Musical Notation,Concepts for a set of characters or symbols used to express musical content of an expression.,rdafmn,2009-03-31,2021-07-20,v4.1.0,"Copyright © 2020 American Library Association, Canadian Federation of Library Associations, and CILIP: Chartered Institute of Library and Information Professionals",https://creativecommons.org/licenses/by/4.0/deed.en_US,RDA Steering Committee,RSC Technical Working Group,ALA Digital Reference,rdaldw:1002,skos:ConceptScheme,MusNotation,http://rdaregistry.info/termList/MusNotation
RDA Form of Notated Movement,Concepts for a set of characters or symbols used to express movement content of an expression.,rdafnv,2009-05-27,2021-07-20,v4.1.0,"Copyright © 2020 American Library Association, Canadian Federation of Library Associations, and CILIP: Chartered Institute of Library and Information Professionals",https://creativecommons.org/licenses/by/4.0/deed.en_US,RDA Steering Committee,RSC Technical Working Group,ALA Digital Reference,rdaldw:1002,skos:ConceptScheme,noteMove,http://rdaregistry.info/termList/noteMove
RDA Form of Tactile Notation,Concepts for a set of characters or symbols used to express the content of an expression in a form that can be perceived through touch.,rdaftn,2009-03-31,2021-07-20,v4.1.0,"Copyright © 2020 American Library Association, Canadian Federation of Library Associations, and CILIP: Chartered Institute of Library and Information Professionals",https://creativecommons.org/licenses/by/4.0/deed.en_US,RDA Steering Committee,RSC Technical Working Group,ALA Digital Reference,rdaldw:1002,skos:ConceptScheme,TacNotation,http://rdaregistry.info/termList/TacNotation
RDA Format of Notated Music,Concepts for a musical or physical layout of the content of an expression that is presented in the form of musical notation,rdafnm,2009-11-16,2021-07-20,v4.1.0,"Copyright © 2020 American Library Association, Canadian Federation of Library Associations, and CILIP: Chartered Institute of Library and Information Professionals",https://creativecommons.org/licenses/by/4.0/deed.en_US,RDA Steering Committee,RSC Technical Working Group,ALA Digital Reference,rdaldw:1002,skos:ConceptScheme,formatNoteMus,http://rdaregistry.info/termList/formatNoteMus
RDA Frequency,"Concepts for an interval at which a part, issue, or iteration of a diachronic work is issued.",rdafr,2009-03-31,2021-07-20,v4.1.0,"Copyright © 2020 American Library Association, Canadian Federation of Library Associations, and CILIP: Chartered Institute of Library and Information Professionals",https://creativecommons.org/licenses/by/4.0/deed.en_US,RDA Steering Committee,RSC Technical Working Group,ALA Digital Reference,rdaldw:1002,skos:ConceptScheme,frequency,http://rdaregistry.info/termList/frequency
RDA Generation,Concepts for a relationship between an original carrier and a carrier of a reproduction that is made from the original,rdagen,2016-07-12,2021-07-20,v4.1.0,"Copyright © 2020 American Library Association, Canadian Federation of Library Associations, and CILIP: Chartered Institute of Library and Information Professionals",https://creativecommons.org/licenses/by/4.0/deed.en_US,RDA Steering Committee,RSC Technical Working Group,ALA Digital Reference,rdaldw:1002,skos:ConceptScheme,RDAGeneration,http://rdaregistry.info/termList/RDAGeneration
RDA Groove Pitch of an Analog Cylinder,Concepts for a groove pitch of an analog cylinder.,rdagrp,2009-04-13,2021-07-20,v4.1.0,"Copyright © 2020 American Library Association, Canadian Federation of Library Associations, and CILIP: Chartered Institute of Library and Information Professionals",https://creativecommons.org/licenses/by/4.0/deed.en_US,RDA Steering Committee,RSC Technical Working Group,ALA Digital Reference,rdaldw:1002,skos:ConceptScheme,groovePitch,http://rdaregistry.info/termList/groovePitch
RDA Groove Width of an Analog Disc,Concepts for a groove width of an analog disc.,rdagw,2009-06-15,2021-07-20,v4.1.0,"Copyright © 2020 American Library Association, Canadian Federation of Library Associations, and CILIP: Chartered Institute of Library and Information Professionals",https://creativecommons.org/licenses/by/4.0/deed.en_US,RDA Steering Committee,RSC Technical Working Group,ALA Digital Reference,rdaldw:1002,skos:ConceptScheme,grooveWidth,http://rdaregistry.info/termList/grooveWidth
RDA Illustrative Content,Concepts for an indication of the kinds of expression of image content that supplement the main expressions that are embodied by an augmentation aggregate.,rdaill,2009-03-31,2021-07-20,v4.1.0,"Copyright © 2020 American Library Association, Canadian Federation of Library Associations, and CILIP: Chartered Institute of Library and Information Professionals",https://creativecommons.org/licenses/by/4.0/deed.en_US,RDA Steering Committee,RSC Technical Working Group,ALA Digital Reference,rdaldw:1002,skos:ConceptScheme,IllusContent,http://rdaregistry.info/termList/IllusContent
RDA Interactivity Mode,Concepts for a capacity of content to respond to actions performed by the user.,rdaim,2018-04-18,2021-07-20,v4.1.0,"Copyright © 2020 American Library Association, Canadian Federation of Library Associations, and CILIP: Chartered Institute of Library and Information Professionals",https://creativecommons.org/licenses/by/4.0/deed.en_US,RDA Steering Committee,RSC Technical Working Group,ALA Digital Reference,rdaldw:1002,skos:ConceptScheme,RDAInteractivityMode,http://rdaregistry.info/termList/RDAInteractivityMode
RDA Layout,"Concepts for an arrangement of text, images, tactile notation, or other content in a manifestation.",rdalay,2009-04-12,2021-07-20,v4.1.0,"Copyright © 2020 American Library Association, Canadian Federation of Library Associations, and CILIP: Chartered Institute of Library and Information Professionals",https://creativecommons.org/licenses/by/4.0/deed.en_US,RDA Steering Committee,RSC Technical Working Group,ALA Digital Reference,rdaldw:1002,skos:ConceptScheme,layout,http://rdaregistry.info/termList/layout
RDA Material,Concepts for a physical or chemical substance that is used to create a manifestation.,rdamat,2016-07-12,2021-07-20,v4.1.0,"Copyright © 2020 American Library Association, Canadian Federation of Library Associations, and CILIP: Chartered Institute of Library and Information Professionals",https://creativecommons.org/licenses/by/4.0/deed.en_US,RDA Steering Committee,RSC Technical Working Group,ALA Digital Reference,rdaldw:1002,skos:ConceptScheme,RDAMaterial,http://rdaregistry.info/termList/RDAMaterial
RDA Media Type,"Concepts for a categorization that reflects the general type of intermediation device required to view, play, run, or otherwise access the content of a manifestation.",rdamt,2008-05-25,2021-07-20,v4.1.0,"Copyright © 2020 American Library Association, Canadian Federation of Library Associations, and CILIP: Chartered Institute of Library and Information Professionals",https://creativecommons.org/licenses/by/4.0/deed.en_US,RDA Steering Committee,RSC Technical Working Group,ALA Digital Reference,rdaldw:1002,skos:ConceptScheme,RDAMediaType,http://rdaregistry.info/termList/RDAMediaType
RDA Mode of Issuance,Concepts for a categorization that reflects whether a manifestation is issued in one or more units.,rdami,2009-03-31,2021-07-20,v4.1.0,"Copyright © 2020 American Library Association, Canadian Federation of Library Associations, and CILIP: Chartered Institute of Library and Information Professionals",https://creativecommons.org/licenses/by/4.0/deed.en_US,RDA Steering Committee,RSC Technical Working Group,ALA Digital Reference,rdaldw:1002,skos:ConceptScheme,ModeIssue,http://rdaregistry.info/termList/ModeIssue
RDA Polarity,Concepts for a relationship of the colours and tones in an image of an object to the colours and tones of the object that is reproduced.,rdapo,2008-05-25,2021-07-20,v4.1.0,"Copyright © 2020 American Library Association, Canadian Federation of Library Associations, and CILIP: Chartered Institute of Library and Information Professionals",https://creativecommons.org/licenses/by/4.0/deed.en_US,RDA Steering Committee,RSC Technical Working Group,ALA Digital Reference,rdaldw:1002,skos:ConceptScheme,RDAPolarity,http://rdaregistry.info/termList/RDAPolarity
RDA Presentation Format,Concepts for a format that is used in the production of a projected image.,rdapf,2009-04-13,2021-07-20,v4.1.0,"Copyright © 2020 American Library Association, Canadian Federation of Library Associations, and CILIP: Chartered Institute of Library and Information Professionals",https://creativecommons.org/licenses/by/4.0/deed.en_US,RDA Steering Committee,RSC Technical Working Group,ALA Digital Reference,rdaldw:1002,skos:ConceptScheme,presFormat,http://rdaregistry.info/termList/presFormat
RDA Production Method,Concepts for a process that is used to produce a manifestation.,rdapm,2008-05-19,2021-07-20,v4.1.0,"Copyright © 2020 American Library Association, Canadian Federation of Library Associations, and CILIP: Chartered Institute of Library and Information Professionals",https://creativecommons.org/licenses/by/4.0/deed.en_US,RDA Steering Committee,RSC Technical Working Group,ALA Digital Reference,rdaldw:1002,skos:ConceptScheme,RDAproductionMethod,http://rdaregistry.info/termList/RDAproductionMethod
RDA Recording Medium,Concepts for a type of medium used to record sound on an audio carrier.,rdarm,2009-04-13,2021-07-20,v4.1.0,"Copyright © 2020 American Library Association, Canadian Federation of Library Associations, and CILIP: Chartered Institute of Library and Information Professionals",https://creativecommons.org/licenses/by/4.0/deed.en_US,RDA Steering Committee,RSC Technical Working Group,ALA Digital Reference,rdaldw:1002,skos:ConceptScheme,recMedium,http://rdaregistry.info/termList/recMedium
RDA Recording Methods,Concepts for a method used to record a value of an RDA element.,rdapath,2017-10-16,2021-07-20,v4.1.0,"Copyright © 2020 American Library Association, Canadian Federation of Library Associations, and CILIP: Chartered Institute of Library and Information Professionals",https://creativecommons.org/licenses/by/4.0/deed.en_US,RDA Steering Committee,RSC Technical Working Group,ALA Digital Reference,rdaldw:1002,skos:ConceptScheme,RDARecordingMethods,http://rdaregistry.info/termList/RDARecordingMethods
RDA Recording Source,Concepts for a source of information for a metadata work that is an unstructured description transcribed from a manifestation that is being described.,rdasource,2017-10-16,2021-07-20,v4.1.0,"Copyright © 2020 American Library Association, Canadian Federation of Library Associations, and CILIP: Chartered Institute of Library and Information Professionals",https://creativecommons.org/licenses/by/4.0/deed.en_US,RDA Steering Committee,RSC Technical Working Group,ALA Digital Reference,rdaldw:1002,skos:ConceptScheme,RDARecordingSources,http://rdaregistry.info/termList/RDARecordingSources
RDA Reduction Ratio Designation,Concepts for a numerical ratio of the size of a micro-image in relation to the original from which it was produced.,rdarr,2008-05-25,2021-07-20,v4.1.0,"Copyright © 2020 American Library Association, Canadian Federation of Library Associations, and CILIP: Chartered Institute of Library and Information Professionals",https://creativecommons.org/licenses/by/4.0/deed.en_US,RDA Steering Committee,RSC Technical Working Group,ALA Digital Reference,rdaldw:1002,skos:ConceptScheme,RDAReductionRatio,http://rdaregistry.info/termList/RDAReductionRatio
RDA Regional Encoding,"Concepts for a designation for one or more regions of the world for which a videodisc or video game carrier has been encoded, indicating that playback is restricted to a device configured to decode it.",rdare,2017-02-07,2021-07-20,v4.1.0,"Copyright © 2020 American Library Association, Canadian Federation of Library Associations, and CILIP: Chartered Institute of Library and Information Professionals",https://creativecommons.org/licenses/by/4.0/deed.en_US,RDA Steering Committee,RSC Technical Working Group,ALA Digital Reference,rdaldw:1002,skos:ConceptScheme,RDARegionalEncoding,http://rdaregistry.info/termList/RDARegionalEncoding
RDA Scale Designation,Concepts for a general designation of the lack of a ratio of the dimensions of the content of an image or three-dimensional form to the dimensions of the thing that is represented.,rdasca,2009-11-11,2021-07-20,v4.1.0,"Copyright © 2020 American Library Association, Canadian Federation of Library Associations, and CILIP: Chartered Institute of Library and Information Professionals",https://creativecommons.org/licenses/by/4.0/deed.en_US,RDA Steering Committee,RSC Technical Working Group,ALA Digital Reference,rdaldw:1002,skos:ConceptScheme,scale,http://rdaregistry.info/termList/scale
RDA Sound Content,Concepts for an indication of the presence or absence of sound embodied by a manifestation.,rdasco,2009-05-27,2021-07-20,v4.1.0,"Copyright © 2020 American Library Association, Canadian Federation of Library Associations, and CILIP: Chartered Institute of Library and Information Professionals",https://creativecommons.org/licenses/by/4.0/deed.en_US,RDA Steering Committee,RSC Technical Working Group,ALA Digital Reference,rdaldw:1002,skos:ConceptScheme,soundCont,http://rdaregistry.info/termList/soundCont
RDA Special Playback Characteristic,"Concepts for an equalization system, noise-reduction system, or other processing that is used in making an audio recording.",rdaspc,2009-04-13,2021-07-20,v4.1.0,"Copyright © 2020 American Library Association, Canadian Federation of Library Associations, and CILIP: Chartered Institute of Library and Information Professionals",https://creativecommons.org/licenses/by/4.0/deed.en_US,RDA Steering Committee,RSC Technical Working Group,ALA Digital Reference,rdaldw:1002,skos:ConceptScheme,specPlayback,http://rdaregistry.info/termList/specPlayback
RDA Status of Identification,Concepts for an indication of a level of authentication of the nomen of an entity.,rdasoi,2009-05-06,2021-07-20,v4.1.0,"Copyright © 2020 American Library Association, Canadian Federation of Library Associations, and CILIP: Chartered Institute of Library and Information Professionals",https://creativecommons.org/licenses/by/4.0/deed.en_US,RDA Steering Committee,RSC Technical Working Group,ALA Digital Reference,rdaldw:1002,skos:ConceptScheme,statIdentification,http://rdaregistry.info/termList/statIdentification
RDA Terms,Concepts for terms used in RDA guidance and instructions in RDA Toolkit.,rdaterm,2016-07-18,2021-07-20,v4.1.0,"Copyright © 2020 American Library Association, Canadian Federation of Library Associations, and CILIP: Chartered Institute of Library and Information Professionals",https://creativecommons.org/licenses/by/4.0/deed.en_US,RDA Steering Committee,RSC Technical Working Group,ALA Digital Reference,rdaldw:1002,skos:ConceptScheme,RDATerms,http://rdaregistry.info/termList/RDATerms
RDA Track Configuration,Concepts for a configuration of the audio track on a soundtrack film.,rdatc,2009-04-13,2021-07-20,v4.1.0,"Copyright © 2020 American Library Association, Canadian Federation of Library Associations, and CILIP: Chartered Institute of Library and Information Professionals",https://creativecommons.org/licenses/by/4.0/deed.en_US,RDA Steering Committee,RSC Technical Working Group,ALA Digital Reference,rdaldw:1002,skos:ConceptScheme,trackConfig,http://rdaregistry.info/termList/trackConfig
RDA Type Of Binding,Concepts for a method used to bind a published or unpublished manifestation.,rdatb,2018-04-04,2021-07-20,v4.1.0,"Copyright © 2020 American Library Association, Canadian Federation of Library Associations, and CILIP: Chartered Institute of Library and Information Professionals",https://creativecommons.org/licenses/by/4.0/deed.en_US,RDA Steering Committee,RSC Technical Working Group,ALA Digital Reference,rdaldw:1002,skos:ConceptScheme,RDATypeOfBinding,http://rdaregistry.info/termList/RDATypeOfBinding
RDA Type of Recording,Concepts for a method used to encode audio content for playback.,rdatr,2009-04-13,2021-07-20,v4.1.0,"Copyright © 2020 American Library Association, Canadian Federation of Library Associations, and CILIP: Chartered Institute of Library and Information Professionals",https://creativecommons.org/licenses/by/4.0/deed.en_US,RDA Steering Committee,RSC Technical Working Group,ALA Digital Reference,rdaldw:1002,skos:ConceptScheme,typeRec,http://rdaregistry.info/termList/typeRec
RDA Unit of Time,Concepts for a unit of chronological duration that is used in the names and access points of calendrical timespans.,rdaut,2020-12-16,2021-07-20,v4.1.0,"Copyright © 2020 American Library Association, Canadian Federation of Library Associations, and CILIP: Chartered Institute of Library and Information Professionals",https://creativecommons.org/licenses/by/4.0/deed.en_US,RDA Steering Committee,RSC Technical Working Group,ALA Digital Reference,rdaldw:1002,skos:ConceptScheme,RDAUnitOfTime,http://rdaregistry.info/termList/RDAUnitOfTime
RDA User Tasks,Concepts for a category of activity carried out by a person using a service for resource discovery.,rdatask,2017-07-02,2021-07-20,v4.1.0,"Copyright © 2020 American Library Association, Canadian Federation of Library Associations, and CILIP: Chartered Institute of Library and Information Professionals",https://creativecommons.org/licenses/by/4.0/deed.en_US,RDA Steering Committee,RSC Technical Working Group,ALA Digital Reference,rdaldw:1002,skos:ConceptScheme,RDATasks,http://rdaregistry.info/termList/RDATasks
RDA Video Format,Concepts for a schema or standard that is used to encode the analog video content of a manifestation.,rdavf,2009-04-14,2021-07-20,v4.1.0,"Copyright © 2020 American Library Association, Canadian Federation of Library Associations, and CILIP: Chartered Institute of Library and Information Professionals",https://creativecommons.org/licenses/by/4.0/deed.en_US,RDA Steering Committee,RSC Technical Working Group,ALA Digital Reference,rdaldw:1002,skos:ConceptScheme,videoFormat,http://rdaregistry.info/termList/videoFormat
ROF Character,Concepts for a fundamental form of communication in which the content of a resource is expressed.,rofch,2015-05-22,2021-07-20,v4.1.0,"Copyright © 2020 American Library Association, Canadian Federation of Library Associations, and CILIP: Chartered Institute of Library and Information Professionals",https://creativecommons.org/licenses/by/4.0/deed.en_US,RDA Steering Committee,RSC Technical Working Group,ALA Digital Reference,rdaldw:1002,skos:ConceptScheme,rofch,http://rdaregistry.info/termList/rofch
ROF Character for RDA,Concepts for a refinement for RDA of a fundamental form of communication in which the content of a resource is expressed.,rofchrda,2015-06-02,2021-07-20,v4.1.0,"Copyright © 2020 American Library Association, Canadian Federation of Library Associations, and CILIP: Chartered Institute of Library and Information Professionals",https://creativecommons.org/licenses/by/4.0/deed.en_US,RDA Steering Committee,RSC Technical Working Group,ALA Digital Reference,rdaldw:1002,skos:ConceptScheme,rofchrda,http://rdaregistry.info/termList/rofchrda
ROF Extension Mode,Concepts for a means by which the content of the resource is expected to be extended after initial release.,rofem,2015-05-22,2021-07-20,v4.1.0,"Copyright © 2020 American Library Association, Canadian Federation of Library Associations, and CILIP: Chartered Institute of Library and Information Professionals",https://creativecommons.org/licenses/by/4.0/deed.en_US,RDA Steering Committee,RSC Technical Working Group,ALA Digital Reference,rdaldw:1002,skos:ConceptScheme,rofem,http://rdaregistry.info/termList/rofem
ROF Extension Requirement,Concepts for an assessment of the necessity of revision of the content of the resource after initial release for its integrity.,rofer,2015-05-22,2021-07-20,v4.1.0,"Copyright © 2020 American Library Association, Canadian Federation of Library Associations, and CILIP: Chartered Institute of Library and Information Professionals",https://creativecommons.org/licenses/by/4.0/deed.en_US,RDA Steering Committee,RSC Technical Working Group,ALA Digital Reference,rdaldw:1002,skos:ConceptScheme,rofer,http://rdaregistry.info/termList/rofer
ROF Extension Termination,Concepts for an expectation as to the period of extension of the content of the resource after initial release.,rofet,2015-05-22,2021-07-20,v4.1.0,"Copyright © 2020 American Library Association, Canadian Federation of Library Associations, and CILIP: Chartered Institute of Library and Information Professionals",https://creativecommons.org/licenses/by/4.0/deed.en_US,RDA Steering Committee,RSC Technical Working Group,ALA Digital Reference,rdaldw:1002,skos:ConceptScheme,rofet,http://rdaregistry.info/termList/rofet
ROF Form/Genre for RDA,"Concepts for an extension for RDA of a literary, musical, artistic, etc., form or genre associated with the content of a resource.",roffgrda,2015-06-02,2021-07-20,v4.1.0,"Copyright © 2020 American Library Association, Canadian Federation of Library Associations, and CILIP: Chartered Institute of Library and Information Professionals",https://creativecommons.org/licenses/by/4.0/deed.en_US,RDA Steering Committee,RSC Technical Working Group,ALA Digital Reference,rdaldw:1002,skos:ConceptScheme,roffgrda,http://rdaregistry.info/termList/roffgrda
ROF Housing Format,Concepts for the physical format of the encasing for the storage medium.,rofhf,2015-05-22,2021-07-20,v4.1.0,"Copyright © 2020 American Library Association, Canadian Federation of Library Associations, and CILIP: Chartered Institute of Library and Information Professionals",https://creativecommons.org/licenses/by/4.0/deed.en_US,RDA Steering Committee,RSC Technical Working Group,ALA Digital Reference,rdaldw:1002,skos:ConceptScheme,rofhf,http://rdaregistry.info/termList/rofhf
ROF Image Dimensionality,Concepts for the number of spatial dimensions in which the image content of a resource is intended to be perceived.,rofid,2015-05-22,2021-07-20,v4.1.0,"Copyright © 2020 American Library Association, Canadian Federation of Library Associations, and CILIP: Chartered Institute of Library and Information Professionals",https://creativecommons.org/licenses/by/4.0/deed.en_US,RDA Steering Committee,RSC Technical Working Group,ALA Digital Reference,rdaldw:1002,skos:ConceptScheme,rofid,http://rdaregistry.info/termList/rofid
ROF Image Movement,Concepts for the perceived presence or absence of movement in the image content of a resource.,rofim,2015-05-22,2021-07-20,v4.1.0,"Copyright © 2020 American Library Association, Canadian Federation of Library Associations, and CILIP: Chartered Institute of Library and Information Professionals",https://creativecommons.org/licenses/by/4.0/deed.en_US,RDA Steering Committee,RSC Technical Working Group,ALA Digital Reference,rdaldw:1002,skos:ConceptScheme,rofim,http://rdaregistry.info/termList/rofim
ROF Interaction,Concepts for a capacity to respond to actions performed by the user in relation to the content of the resource.,rofin,2015-05-22,2021-07-20,v4.1.0,"Copyright © 2020 American Library Association, Canadian Federation of Library Associations, and CILIP: Chartered Institute of Library and Information Professionals",https://creativecommons.org/licenses/by/4.0/deed.en_US,RDA Steering Committee,RSC Technical Working Group,ALA Digital Reference,rdaldw:1002,skos:ConceptScheme,rofin,http://rdaregistry.info/termList/rofin
ROF Intermediation Tool,Concepts for a tool intended to be applied to the carrier to enable the content of the resource to be perceived.,rofit,2015-05-22,2021-07-20,v4.1.0,"Copyright © 2020 American Library Association, Canadian Federation of Library Associations, and CILIP: Chartered Institute of Library and Information Professionals",https://creativecommons.org/licenses/by/4.0/deed.en_US,RDA Steering Committee,RSC Technical Working Group,ALA Digital Reference,rdaldw:1002,skos:ConceptScheme,rofit,http://rdaregistry.info/termList/rofit
ROF Intermediation Tool for RDA,Concepts for a refinement for RDA of a tool intended to be applied to the carrier to enable the content of the resource to be perceived.,rofitrda,2015-06-02,2021-07-20,v4.1.0,"Copyright © 2020 American Library Association, Canadian Federation of Library Associations, and CILIP: Chartered Institute of Library and Information Professionals",https://creativecommons.org/licenses/by/4.0/deed.en_US,RDA Steering Committee,RSC Technical Working Group,ALA Digital Reference,rdaldw:1002,skos:ConceptScheme,rofitrda,http://rdaregistry.info/termList/rofitrda
ROF Revision Mode,Concepts for a means by which the content of the resource is expected to be revised after initial release.,rofrm,2015-05-22,2021-07-20,v4.1.0,"Copyright © 2020 American Library Association, Canadian Federation of Library Associations, and CILIP: Chartered Institute of Library and Information Professionals",https://creativecommons.org/licenses/by/4.0/deed.en_US,RDA Steering Committee,RSC Technical Working Group,ALA Digital Reference,rdaldw:1002,skos:ConceptScheme,rofrm,http://rdaregistry.info/termList/rofrm
ROF Revision Requirement,Concepts for an assessment of the necessity of revision of the content of the resource after initial release for its integrity.,rofrr,2015-05-22,2021-07-20,v4.1.0,"Copyright © 2020 American Library Association, Canadian Federation of Library Associations, and CILIP: Chartered Institute of Library and Information Professionals",https://creativecommons.org/licenses/by/4.0/deed.en_US,RDA Steering Committee,RSC Technical Working Group,ALA Digital Reference,rdaldw:1002,skos:ConceptScheme,rofrr,http://rdaregistry.info/termList/rofrr
ROF Revision Termination,Concepts for an expectation as to the period of extension of the content of the resource after initial release.,rofrt,2015-05-22,2021-07-20,v4.1.0,"Copyright © 2020 American Library Association, Canadian Federation of Library Associations, and CILIP: Chartered Institute of Library and Information Professionals",https://creativecommons.org/licenses/by/4.0/deed.en_US,RDA Steering Committee,RSC Technical Working Group,ALA Digital Reference,rdaldw:1002,skos:ConceptScheme,rofrt,http://rdaregistry.info/termList/rofrt
ROF Sensory Mode,Concepts for a human sense through which the content of a resource is intended to be perceived.,rofsm,2015-05-22,2021-07-20,v4.1.0,"Copyright © 2020 American Library Association, Canadian Federation of Library Associations, and CILIP: Chartered Institute of Library and Information Professionals",https://creativecommons.org/licenses/by/4.0/deed.en_US,RDA Steering Committee,RSC Technical Working Group,ALA Digital Reference,rdaldw:1002,skos:ConceptScheme,rofsm,http://rdaregistry.info/termList/rofsm
ROF Storage Medium Format,Concepts for the physical form of the material on which the content of the resource is stored.,rofsf,2015-05-22,2021-07-20,v4.1.0,"Copyright © 2020 American Library Association, Canadian Federation of Library Associations, and CILIP: Chartered Institute of Library and Information Professionals",https://creativecommons.org/licenses/by/4.0/deed.en_US,RDA Steering Committee,RSC Technical Working Group,ALA Digital Reference,rdaldw:1002,skos:ConceptScheme,rofsf,http://rdaregistry.info/termList/rofsf
ROF Storage Medium Format for RDA,Concepts for a refinement for RDA of the physical form of the material on which the content of the resource is stored.,rofsfrda,2015-06-02,2021-07-20,v4.1.0,"Copyright © 2020 American Library Association, Canadian Federation of Library Associations, and CILIP: Chartered Institute of Library and Information Professionals",https://creativecommons.org/licenses/by/4.0/deed.en_US,RDA Steering Committee,RSC Technical Working Group,ALA Digital Reference,rdaldw:1002,skos:ConceptScheme,rofsfrda,http://rdaregistry.info/termList/rofsfrda
RDA Classes,"Classes that represent the RDA entities, including RDA Entity, Work, Expression, Manifestation, Item, Agent, Collective Agent, Person, Family, Corporate Body, Nomen, Place, and Timespan.",rdac,2014-01-18,2021-07-20,v4.1.0,"Copyright © 2020 American Library Association, Canadian Federation of Library Associations, and CILIP: Chartered Institute of Library and Information Professionals",https://creativecommons.org/licenses/by/4.0/deed.en_US,RDA Steering Committee,RSC Technical Working Group,ALA Digital Reference,rdaldw:1003,owl:Ontology,c,http://rdaregistry.info/Elements/c/
Agent properties,"Properties that represent the attribute and relationship elements of the RDA Agent, Collective Agent, Person, Family, and Corporate Body entities.",rdaa,2014-01-18,2021-07-20,v4.1.0,"Copyright © 2020 American Library Association, Canadian Federation of Library Associations, and CILIP: Chartered Institute of Library and Information Professionals",https://creativecommons.org/licenses/by/4.0/deed.en_US,RDA Steering Committee,RSC Technical Working Group,ALA Digital Reference,rdaldw:1003,owl:Ontology,a,http://rdaregistry.info/Elements/a/
Agent datatype properties,"Properties that accommodate string values for the attribute and relationship elements of the RDA Agent, Collective Agent, Person, Family, and Corporate Body entities.",rdaad,2016-09-18,2021-07-20,v4.1.0,"Copyright © 2020 American Library Association, Canadian Federation of Library Associations, and CILIP: Chartered Institute of Library and Information Professionals",https://creativecommons.org/licenses/by/4.0/deed.en_US,RDA Steering Committee,RSC Technical Working Group,ALA Digital Reference,rdaldw:1003,owl:Ontology,a/datatype,http://rdaregistry.info/Elements/a/datatype/
Agent object properties,"Properties that accommodate object values for the relationship elements of the RDA Agent, Collective Agent, Person, Family, and Corporate Body entities.",rdaao,2016-09-18,2021-07-20,v4.1.0,"Copyright © 2020 American Library Association, Canadian Federation of Library Associations, and CILIP: Chartered Institute of Library and Information Professionals",https://creativecommons.org/licenses/by/4.0/deed.en_US,RDA Steering Committee,RSC Technical Working Group,ALA Digital Reference,rdaldw:1003,owl:Ontology,a/object,http://rdaregistry.info/Elements/a/object/
Expression properties,Properties that represent the attribute and relationship elements of the RDA Expression entity.,rdae,2014-01-18,2021-07-20,v4.1.0,"Copyright © 2020 American Library Association, Canadian Federation of Library Associations, and CILIP: Chartered Institute of Library and Information Professionals",https://creativecommons.org/licenses/by/4.0/deed.en_US,RDA Steering Committee,RSC Technical Working Group,ALA Digital Reference,rdaldw:1003,owl:Ontology,e,http://rdaregistry.info/Elements/e/
Expression datatype properties,Properties that accommodate string values for the attribute and relationship elements of the RDA Expression entity.,rdaed,2016-09-18,2021-07-20,v4.1.0,"Copyright © 2020 American Library Association, Canadian Federation of Library Associations, and CILIP: Chartered Institute of Library and Information Professionals",https://creativecommons.org/licenses/by/4.0/deed.en_US,RDA Steering Committee,RSC Technical Working Group,ALA Digital Reference,rdaldw:1003,owl:Ontology,e/datatype,http://rdaregistry.info/Elements/e/datatype/
Expression object properties,Properties that accommodate object values for the relationship elements of the RDA Expression entity.,rdaeo,2016-09-18,2021-07-20,v4.1.0,"Copyright © 2020 American Library Association, Canadian Federation of Library Associations, and CILIP: Chartered Institute of Library and Information Professionals",https://creativecommons.org/licenses/by/4.0/deed.en_US,RDA Steering Committee,RSC Technical Working Group,ALA Digital Reference,rdaldw:1003,owl:Ontology,e/object,http://rdaregistry.info/Elements/e/object/
Item properties,Properties that represent the attribute and relationship elements of the RDA Item entity.,rdai,2014-01-18,2021-07-20,v4.1.0,"Copyright © 2020 American Library Association, Canadian Federation of Library Associations, and CILIP: Chartered Institute of Library and Information Professionals",https://creativecommons.org/licenses/by/4.0/deed.en_US,RDA Steering Committee,RSC Technical Working Group,ALA Digital Reference,rdaldw:1003,owl:Ontology,i,http://rdaregistry.info/Elements/i/
Item datatype properties,Properties that accommodate string values for the attribute and relationship elements of the RDA Item entity.,rdaid,2016-09-18,2021-07-20,v4.1.0,"Copyright © 2020 American Library Association, Canadian Federation of Library Associations, and CILIP: Chartered Institute of Library and Information Professionals",https://creativecommons.org/licenses/by/4.0/deed.en_US,RDA Steering Committee,RSC Technical Working Group,ALA Digital Reference,rdaldw:1003,owl:Ontology,i/datatype,http://rdaregistry.info/Elements/i/datatype/
Item object properties,Properties that accommodate object values for the relationship elements of the RDA Item entity.,rdaio,2016-09-18,2021-07-20,v4.1.0,"Copyright © 2020 American Library Association, Canadian Federation of Library Associations, and CILIP: Chartered Institute of Library and Information Professionals",https://creativecommons.org/licenses/by/4.0/deed.en_US,RDA Steering Committee,RSC Technical Working Group,ALA Digital Reference,rdaldw:1003,owl:Ontology,i/object,http://rdaregistry.info/Elements/i/object/
Manifestation properties,Properties that represent the attribute and relationship elements of the RDA Manifestation entity.,rdam,2014-01-18,2021-07-20,v4.1.0,"Copyright © 2020 American Library Association, Canadian Federation of Library Associations, and CILIP: Chartered Institute of Library and Information Professionals",https://creativecommons.org/licenses/by/4.0/deed.en_US,RDA Steering Committee,RSC Technical Working Group,ALA Digital Reference,rdaldw:1003,owl:Ontology,m,http://rdaregistry.info/Elements/m/
Manifestation datatype properties,Properties that accommodate string values for the attribute and relationship elements of the RDA Manifestation entity.,rdamd,2016-09-18,2021-07-20,v4.1.0,"Copyright © 2020 American Library Association, Canadian Federation of Library Associations, and CILIP: Chartered Institute of Library and Information Professionals",https://creativecommons.org/licenses/by/4.0/deed.en_US,RDA Steering Committee,RSC Technical Working Group,ALA Digital Reference,rdaldw:1003,owl:Ontology,m/datatype,http://rdaregistry.info/Elements/m/datatype/
Manifestation object properties,Properties that accommodate object values for the relationship elements of the RDA Manifestation entity.,rdamo,2016-09-18,2021-07-20,v4.1.0,"Copyright © 2020 American Library Association, Canadian Federation of Library Associations, and CILIP: Chartered Institute of Library and Information Professionals",https://creativecommons.org/licenses/by/4.0/deed.en_US,RDA Steering Committee,RSC Technical Working Group,ALA Digital Reference,rdaldw:1003,owl:Ontology,m/object,http://rdaregistry.info/Elements/m/object/
Nomen properties,Properties that represent the attribute and relationship elements of the RDA Nomen entity.,rdan,2016-12-18,2021-07-20,v4.1.0,"Copyright © 2020 American Library Association, Canadian Federation of Library Associations, and CILIP: Chartered Institute of Library and Information Professionals",https://creativecommons.org/licenses/by/4.0/deed.en_US,RDA Steering Committee,RSC Technical Working Group,ALA Digital Reference,rdaldw:1003,owl:Ontology,n,http://rdaregistry.info/Elements/n/
Nomen datatype properties,Properties that accommodate string values for the attribute and relationship elements of the RDA Nomen entity.,rdand,2016-12-18,2021-07-20,v4.1.0,"Copyright © 2020 American Library Association, Canadian Federation of Library Associations, and CILIP: Chartered Institute of Library and Information Professionals",https://creativecommons.org/licenses/by/4.0/deed.en_US,RDA Steering Committee,RSC Technical Working Group,ALA Digital Reference,rdaldw:1003,owl:Ontology,n/datatype,http://rdaregistry.info/Elements/n/datatype/
Nomen object properties,Properties that accommodate object values for the relationship elements of the RDA Nomen entity.,rdano,2016-12-18,2021-07-20,v4.1.0,"Copyright © 2020 American Library Association, Canadian Federation of Library Associations, and CILIP: Chartered Institute of Library and Information Professionals",https://creativecommons.org/licenses/by/4.0/deed.en_US,RDA Steering Committee,RSC Technical Working Group,ALA Digital Reference,rdaldw:1003,owl:Ontology,n/object,http://rdaregistry.info/Elements/n/object/
Place properties,Properties that represent the attribute and relationship elements of the RDA Place entity.,rdap,2016-07-11,2021-07-20,v4.1.0,"Copyright © 2020 American Library Association, Canadian Federation of Library Associations, and CILIP: Chartered Institute of Library and Information Professionals",https://creativecommons.org/licenses/by/4.0/deed.en_US,RDA Steering Committee,RSC Technical Working Group,ALA Digital Reference,rdaldw:1003,owl:Ontology,p,http://rdaregistry.info/Elements/p/
Place datatype properties,Properties that accommodate string values for the attribute and relationship elements of the RDA Place entity.,rdapd,2016-12-18,2021-07-20,v4.1.0,"Copyright © 2020 American Library Association, Canadian Federation of Library Associations, and CILIP: Chartered Institute of Library and Information Professionals",https://creativecommons.org/licenses/by/4.0/deed.en_US,RDA Steering Committee,RSC Technical Working Group,ALA Digital Reference,rdaldw:1003,owl:Ontology,p/datatype,http://rdaregistry.info/Elements/p/datatype/
Place object properties,Properties that accommodate object values for the relationship elements of the RDA Place entity.,rdapo,2016-12-18,2021-07-20,v4.1.0,"Copyright © 2020 American Library Association, Canadian Federation of Library Associations, and CILIP: Chartered Institute of Library and Information Professionals",https://creativecommons.org/licenses/by/4.0/deed.en_US,RDA Steering Committee,RSC Technical Working Group,ALA Digital Reference,rdaldw:1003,owl:Ontology,p/object,http://rdaregistry.info/Elements/p/object/
Timespan properties,Properties that represent the attribute and relationship elements of the RDA Timespan entity.,rdat,2016-12-18,2021-07-20,v4.1.0,"Copyright © 2020 American Library Association, Canadian Federation of Library Associations, and CILIP: Chartered Institute of Library and Information Professionals",https://creativecommons.org/licenses/by/4.0/deed.en_US,RDA Steering Committee,RSC Technical Working Group,ALA Digital Reference,rdaldw:1003,owl:Ontology,t,http://rdaregistry.info/Elements/t/
Timespan datatype properties,Properties that accommodate string values for the attribute and relationship elements of the RDA Timespan entity.,rdatd,2016-12-18,2021-07-20,v4.1.0,"Copyright © 2020 American Library Association, Canadian Federation of Library Associations, and CILIP: Chartered Institute of Library and Information Professionals",https://creativecommons.org/licenses/by/4.0/deed.en_US,RDA Steering Committee,RSC Technical Working Group,ALA Digital Reference,rdaldw:1003,owl:Ontology,t/datatype,http://rdaregistry.info/Elements/t/datatype/
Timespan object properties,Properties that accommodate object values for the relationship elements of the RDA Timespan entity.,rdato,2016-12-18,2021-07-20,v4.1.0,"Copyright © 2020 American Library Association, Canadian Federation of Library Associations, and CILIP: Chartered Institute of Library and Information Professionals",https://creativecommons.org/licenses/by/4.0/deed.en_US,RDA Steering Committee,RSC Technical Working Group,ALA Digital Reference,rdaldw:1003,owl:Ontology,t/object,http://rdaregistry.info/Elements/t/object/
Unconstrained properties,Properties that are derived from the elements of all of the RDA entities with semantics that are independent of the IFLA Library Reference Model.,rdau,2014-01-18,2021-07-20,v4.1.0,"Copyright © 2020 American Library Association, Canadian Federation of Library Associations, and CILIP: Chartered Institute of Library and Information Professionals",https://creativecommons.org/licenses/by/4.0/deed.en_US,RDA Steering Committee,RSC Technical Working Group,ALA Digital Reference,rdaldw:1003,owl:Ontology,u,http://rdaregistry.info/Elements/u/
Work properties,Properties that represent the attribute and relationship elements of the RDA Work entity.,rdaw,2014-01-18,2021-07-20,v4.1.0,"Copyright © 2020 American Library Association, Canadian Federation of Library Associations, and CILIP: Chartered Institute of Library and Information Professionals",https://creativecommons.org/licenses/by/4.0/deed.en_US,RDA Steering Committee,RSC Technical Working Group,ALA Digital Reference,rdaldw:1003,owl:Ontology,w,http://rdaregistry.info/Elements/w/
Work datatype properties,Properties that accommodate string values for the attribute and relationship elements of the RDA Work entity.,rdawd,2016-09-18,2021-07-20,v4.1.0,"Copyright © 2020 American Library Association, Canadian Federation of Library Associations, and CILIP: Chartered Institute of Library and Information Professionals",https://creativecommons.org/licenses/by/4.0/deed.en_US,RDA Steering Committee,RSC Technical Working Group,ALA Digital Reference,rdaldw:1003,owl:Ontology,w/datatype,http://rdaregistry.info/Elements/w/datatype/
Work object properties,Properties that accommodate object values for the relationship elements of the RDA Work entity.,rdawo,2016-09-18,2021-07-20,v4.1.0,"Copyright © 2020 American Library Association, Canadian Federation of Library Associations, and CILIP: Chartered Institute of Library and Information Professionals",https://creativecommons.org/licenses/by/4.0/deed.en_US,RDA Steering Committee,RSC Technical Working Group,ALA Digital Reference,rdaldw:1003,owl:Ontology,w/object,http://rdaregistry.info/Elements/w/object/
RDA Entity properties,Properties that represent the attribute and relationship elements of the RDA Entity entity.,rdax,2016-12-17,2021-07-20,v4.1.0,"Copyright © 2020 American Library Association, Canadian Federation of Library Associations, and CILIP: Chartered Institute of Library and Information Professionals",https://creativecommons.org/licenses/by/4.0/deed.en_US,RDA Steering Committee,RSC Technical Working Group,ALA Digital Reference,rdaldw:1003,owl:Ontology,x,http://rdaregistry.info/Elements/x/
RDA Entity datatype properties,Properties that accommodate string values for the attribute and relationship elements of the RDA Entity entity.,rdaxd,2016-12-17,2021-07-20,v4.1.0,"Copyright © 2020 American Library Association, Canadian Federation of Library Associations, and CILIP: Chartered Institute of Library and Information Professionals",https://creativecommons.org/licenses/by/4.0/deed.en_US,RDA Steering Committee,RSC Technical Working Group,ALA Digital Reference,rdaldw:1003,owl:Ontology,x/datatype,http://rdaregistry.info/Elements/x/datatype/
RDA Entity object properties,Properties that accommodate object values for the relationship elements of the RDA Entity entity.,rdaxo,2016-12-17,2021-07-20,v4.1.0,"Copyright © 2020 American Library Association, Canadian Federation of Library Associations, and CILIP: Chartered Institute of Library and Information Professionals",https://creativecommons.org/licenses/by/4.0/deed.en_US,RDA Steering Committee,RSC Technical Working Group,ALA Digital Reference,rdaldw:1003,owl:Ontology,x/object,http://rdaregistry.info/Elements/x/object/
RDA/ONIX Framework element set,Classes and properties that represent the the entities and attribute elements of the RDA/ONIX Framework for Resource Categorization.,rof,2015-06-20,2021-07-20,v4.1.0,"Copyright © 2020 American Library Association, Canadian Federation of Library Associations, and CILIP: Chartered Institute of Library and Information Professionals",https://creativecommons.org/licenses/by/4.0/deed.en_US,RDA Steering Committee,RSC Technical Working Group,ALA Digital Reference,rdaldw:1003,owl:Ontology,rof,http://rdaregistry.info/Elements/rof/
RDA Linked Data Work,Concepts for a category of linked data work.,rdaldw,2021-04-20,2021-07-20,v4.1.0,"Copyright © 2020 American Library Association, Canadian Federation of Library Associations, and CILIP: Chartered Institute of Library and Information Professionals",https://creativecommons.org/licenses/by/4.0/deed.en_US,RDA Steering Committee,RSC Technical Working Group,ALA Digital Reference,rdaldw:1002,skos:ConceptScheme,RDALinkedDataWork,http://rdaregistry.info/termList/RDALinkedDataWork