*label_en,lexicalAlias_en,*uri,*type,domain,subPropertyOf[0],subPropertyOf[1],subPropertyOf[2],*status
has content type,rdaed:contentType.en,rdaed:P20001,property,rdac:C10006,rdae:P20001,,,Published
has identifier for expression,rdaed:identifierForExpression.en,rdaed:P20002,property,rdac:C10006,rdae:P20002,rdaed:P20311,rdaxd:P00018,Published
has other distinguishing characteristic of expression (Deprecated),rdaed:otherDistinguishingCharacteristicOfExpression.en,rdaed:P20003,property,rdac:C10006,rdae:P20003,,,Deprecated
has date of capture,rdaed:dateOfCapture.en,rdaed:P20004,property,rdac:C10006,rdae:P20004,rdaed:P20214,rdaed:P20217,Published
has award,rdaed:award.en,rdaed:P20005,property,rdac:C10006,rdae:P20005,,,Published
has language of expression,rdaed:languageOfExpression.en,rdaed:P20006,property,rdac:C10006,rdae:P20006,,,Published
has language of content (Deprecated),rdaed:languageOfContent.en,rdaed:P20007,property,rdac:C10006,rdae:P20007,,,Deprecated
is adapted as motion picture expression,rdaed:adaptedAsMotionPictureExpression.en,rdaed:P20009,property,rdac:C10006,rdae:P20009,rdaed:P20153,,Published
has note on changes in content characteristics,rdaed:noteOnChangesInContentCharacteristics.en,rdaed:P20010,property,rdac:C10006,rdae:P20010,rdaed:P20071,,Published
has conductor agent,rdaed:conductorAgent.en,rdaed:P20011,property,rdac:C10006,rdae:P20011,rdaed:P20039,,Published
has actor agent,rdaed:actorAgent.en,rdaed:P20012,property,rdac:C10006,rdae:P20012,rdaed:P20039,,Published
has onscreen presenter agent,rdaed:onscreenPresenterAgent.en,rdaed:P20013,property,rdac:C10006,rdae:P20013,rdaed:P20039,,Published
has dancer agent,rdaed:dancerAgent.en,rdaed:P20014,property,rdac:C10006,rdae:P20014,rdaed:P20039,,Published
has instructor agent,rdaed:instructorAgent.en,rdaed:P20015,property,rdac:C10006,rdae:P20015,rdaed:P20039,,Published
has host agent,rdaed:hostAgent.en,rdaed:P20016,property,rdac:C10006,rdae:P20016,rdaed:P20039,,Published
has moderator agent,rdaed:moderatorAgent.en,rdaed:P20017,property,rdac:C10006,rdae:P20017,rdaed:P20039,,Published
has puppeteer agent,rdaed:puppeteerAgent.en,rdaed:P20018,property,rdac:C10006,rdae:P20018,rdaed:P20039,,Published
has panelist agent,rdaed:panelistAgent.en,rdaed:P20019,property,rdac:C10006,rdae:P20019,rdaed:P20039,,Published
has instrumentalist agent,rdaed:instrumentalistAgent.en,rdaed:P20020,property,rdac:C10006,rdae:P20020,rdaed:P20039,,Published
has commentator agent,rdaed:commentatorAgent.en,rdaed:P20021,property,rdac:C10006,rdae:P20021,rdaed:P20039,,Published
has narrator agent,rdaed:narratorAgent.en,rdaed:P20022,property,rdac:C10006,rdae:P20022,rdaed:P20039,,Published
has storyteller agent,rdaed:storytellerAgent.en,rdaed:P20023,property,rdac:C10006,rdae:P20023,rdaed:P20039,,Published
has speaker agent,rdaed:speakerAgent.en,rdaed:P20024,property,rdac:C10006,rdae:P20024,rdaed:P20039,,Published
has singer agent,rdaed:singerAgent.en,rdaed:P20025,property,rdac:C10006,rdae:P20025,rdaed:P20039,,Published
has composer of expression (Deprecated),rdaed:composerExpression.en,rdaed:P20026,property,rdac:C10006,rdae:P20026,rdaed:P20053,,Deprecated
has surveyor (Deprecated),rdaed:surveyor.en,rdaed:P20027,property,rdac:C10006,rdae:P20027,rdaed:P20053,,Deprecated
has animator agent,rdaed:animatorAgent.en,rdaed:P20028,property,rdac:C10006,rdae:P20028,rdaed:P20329,,Published
has arranger agent of music,rdaed:arrangerAgentOfMusic.en,rdaed:P20029,property,rdac:C10006,rdae:P20029,rdaed:P20327,,Published
has writer of added text (Deprecated),rdaed:writerOfAddedText.en,rdaed:P20030,property,rdac:C10006,rdae:P20030,rdaed:P20046,,Deprecated
has stage director agent,rdaed:stageDirectorAgent.en,rdaed:P20031,property,rdac:C10006,rdae:P20031,rdaed:P20329,,Published
has interviewer agent of expression,rdaa:interviewerAgentOfExpression.en,rdaed:P20032,property,rdac:C10006,rdae:P20032,rdaed:P20329,,Published
has draftsman agent,rdaed:draftsmanAgent.en,rdaed:P20033,property,rdac:C10006,rdae:P20033,rdaed:P20328,,Published
has transcriber agent,rdaed:transcriberAgent.en,rdaed:P20034,property,rdac:C10006,rdae:P20034,rdaed:P20327,,Published
has musical director agent,rdaed:musicalDirectorAgent.en,rdaed:P20035,property,rdac:C10006,rdae:P20035,rdaed:P20329,,Published
has costume designer agent,rdaed:costumeDesignerAgent.en,rdaed:P20036,property,rdac:C10006,rdae:P20036,rdaed:P20329,,Published
has translator agent,rdaed:translatorAgent.en,rdaed:P20037,property,rdac:C10006,rdae:P20037,rdaed:P20053,,Published
has art director agent,rdaed:artDirectorAgent.en,rdaed:P20038,property,rdac:C10006,rdae:P20038,rdaed:P20329,,Published
has performer agent,rdaed:performerAgent.en,rdaed:P20039,property,rdac:C10006,rdae:P20039,rdaed:P20329,,Published
has court reporter agent,rdaed:courtReporterAgent.en,rdaed:P20040,property,rdac:C10006,rdae:P20040,rdaed:P20328,,Published
has writer of preface (Deprecated),rdaed:writerOfPreface.en,rdaed:P20041,property,rdac:C10006,rdae:P20041,rdaed:P20046,,Deprecated
has cartographer of expression (Deprecated),rdaed:cartographerExpression.en,rdaed:P20042,property,rdac:C10006,rdae:P20042,rdaed:P20053,,Deprecated
has choreographer of expression (Deprecated),rdaed:choreographerExpression.en,rdaed:P20043,property,rdac:C10006,rdae:P20043,rdaed:P20053,,Deprecated
has writer of added commentary (Deprecated),rdaed:writerOfAddedCommentary.en,rdaed:P20044,property,rdac:C10006,rdae:P20044,rdaed:P20046,,Deprecated
has writer of introduction (Deprecated),rdaed:writerOfIntroduction.en,rdaed:P20045,property,rdac:C10006,rdae:P20045,rdaed:P20046,,Deprecated
has writer of supplementary textual content (Deprecated),rdaed:writerOfSupplementaryTextualContent.en,rdaed:P20046,property,rdac:C10006,rdae:P20046,rdaed:P20053,,Deprecated
has interviewee agent of expression,rdaa:intervieweeAgentOfExpression.en,rdaed:P20047,property,rdac:C10006,rdae:P20047,rdaed:P20329,,Published
has editor (Deprecated),rdaed:editor.en,rdaed:P20048,property,rdac:C10006,rdae:P20048,rdaed:P20053,,Deprecated
has abridger agent,rdaed:abridgerAgent.en,rdaed:P20049,property,rdac:C10006,rdae:P20049,rdaed:P20327,,Published
has recording engineer agent,rdaed:recordingEngineerAgent.en,rdaed:P20050,property,rdac:C10006,rdae:P20050,rdaed:P20292,,Published
has illustrator (Deprecated),rdaed:illustrator.en,rdaed:P20051,property,rdac:C10006,rdae:P20051,rdaed:P20053,,Deprecated
has recordist agent,rdaed:recordistAgent.en,rdaed:P20052,property,rdac:C10006,rdae:P20052,rdaed:P20329,,Published
has creator agent of expression,rdaed:creatorAgentOfExpression.en,rdaed:P20053,property,rdac:C10006,rdae:P20053,rdaed:P20301,,Published
has presenter agent,rdaed:presenterAgent.en,rdaed:P20054,property,rdac:C10006,rdae:P20054,rdaed:P20039,,Published
has editor agent of moving image work,rdaed:editorAgentOfMovingImageWork.en,rdaed:P20055,property,rdac:C10006,rdae:P20055,rdaed:P20329,,Published
has production designer agent,rdaed:productionDesignerAgent.en,rdaed:P20056,property,rdac:C10006,rdae:P20056,rdaed:P20329,,Published
has minute taker agent,rdaed:minuteTakerAgent.en,rdaed:P20058,property,rdac:C10006,rdae:P20058,rdaed:P20328,,Published
has manifestation of expression,rdaed:manifestationOfExpression.en,rdaed:P20059,property,rdac:C10006,rdae:P20059,rdaed:P20299,,Published
is adapted as radio program expression,rdaed:adaptedAsRadioProgramExpression.en,rdaed:P20060,property,rdac:C10006,rdae:P20060,rdaed:P20153,,Published
has form of tactile notation,rdaed:formOfTactileNotation.en,rdaed:P20061,property,rdac:C10006,rdae:P20061,rdaed:P20062,,Published
has form of notation,rdaed:formOfNotation.en,rdaed:P20062,property,rdac:C10006,rdae:P20062,,,Published
has form of notated movement,rdaed:formOfNotatedMovement.en,rdaed:P20063,property,rdac:C10006,rdae:P20063,rdaed:P20062,,Published
has form of musical notation,rdaed:formOfMusicalNotation.en,rdaed:P20064,property,rdac:C10006,rdae:P20064,rdaed:P20062,,Published
has script,rdaed:script.en,rdaed:P20065,property,rdac:C10006,rdae:P20065,rdaed:P20062,,Published
is adapted as television program expression,rdaed:adaptedAsTelevisionProgramExpression.en,rdaed:P20066,property,rdac:C10006,rdae:P20066,rdaed:P20153,,Published
is adapted as video expression,rdaed:adaptedAsVideoExpression.en,rdaed:P20067,property,rdac:C10006,rdae:P20067,rdaed:P20153,,Published
has writer of added lyrics (Deprecated),rdaed:writerOfAddedLyrics.en,rdaed:P20068,property,rdac:C10006,rdae:P20068,rdaed:P20030,,Deprecated
has summarization of content,rdaed:summarizationOfContent.en,rdaed:P20069,property,rdac:C10006,rdae:P20069,,,Published
has voice actor agent,rdaed:voiceActorAgent.en,rdaed:P20070,property,rdac:C10006,rdae:P20070,rdaed:P20012,,Published
has note on expression,rdaed:noteOnExpression.en,rdaed:P20071,property,rdac:C10006,rdae:P20071,rdaxd:P00015,,Published
is dramatized as expression,rdaed:dramatizedAsExpression.en,rdaed:P20073,property,rdac:C10006,rdae:P20073,rdaed:P20153,,Published
is part of expression,rdaed:partOfExpression.en,rdaed:P20074,property,rdac:C10006,rdae:P20074,rdaed:P20205,,Published
is replaced in part by expression,rdaed:replacedInPartByExpression.en,rdaed:P20075,property,rdac:C10006,rdae:P20075,rdaed:P20169,,Published
is replaced by expression,rdaed:replacedByExpression.en,rdaed:P20076,property,rdac:C10006,rdae:P20076,rdaed:P20169,,Published
is adapted in verse as expression,rdaed:adaptedInVerseAsExpression.en,rdaed:P20077,property,rdac:C10006,rdae:P20077,rdaed:P20153,,Published
is dubbed version of,rdaed:dubbedVersionOf.en,rdaed:P20078,property,rdac:C10006,rdae:P20078,rdaed:P20141,,Published
has dubbed version,rdaed:dubbedVersion.en,rdaed:P20079,property,rdac:C10006,rdae:P20079,rdaed:P20171,,Published
has cadenza expression,rdaed:cadenzaExpression.en,rdaed:P20080,property,rdac:C10006,rdae:P20080,rdaed:P20105,,Published
is variations based on expression,rdaed:variationsBasedOnExpression.en,rdaed:P20081,property,rdac:C10006,rdae:P20081,rdaed:P20204,,Published
is modified by variation as expression,rdaed:modifiedByVariationAsExpression.en,rdaed:P20082,property,rdac:C10006,rdae:P20082,rdaed:P20203,,Published
is cadenza composed for expression,rdaed:cadenzaComposedForExpression.en,rdaed:P20083,property,rdac:C10006,rdae:P20083,rdaed:P20192,,Published
is libretto for expression,rdaed:librettoForExpression.en,rdaed:P20084,property,rdac:C10006,rdae:P20084,rdaed:P20100,,Published
has incidental music expression,rdaed:incidentalMusicExpression.en,rdaed:P20085,property,rdac:C10006,rdae:P20085,rdaed:P20243,,Published
is remade as expression,rdaed:remadeAsExpression.en,rdaed:P20086,property,rdac:C10006,rdae:P20086,rdaed:P20203,,Published
is set to music as expression,rdaed:setToMusicAsExpression.en,rdaed:P20087,property,rdac:C10006,rdae:P20087,rdaed:P20203,,Published
is adapted as novel expression,rdaed:adaptedAsNovelExpression.en,rdaed:P20088,property,rdac:C10006,rdae:P20088,rdaed:P20153,,Published
is appendix to expression,rdaed:appendixToExpression.en,rdaed:P20089,property,rdac:C10006,rdae:P20089,rdaed:P20192,,Published
is abstracted in expression,rdaed:abstractedInExpression.en,rdaed:P20090,property,rdac:C10006,rdae:P20090,rdaed:P20203,,Published
is indexed in expression,rdaed:indexedInExpression.en,rdaed:P20091,property,rdac:C10006,rdae:P20091,rdaed:P20203,,Published
is adapted as choreography expression,rdaed:adaptedAsChoreographyExpression.en,rdaed:P20092,property,rdac:C10006,rdae:P20092,rdaed:P20153,,Published
has errata expression,rdaed:errataExpression.en,rdaed:P20093,property,rdac:C10006,rdae:P20093,rdaed:P20105,,Published
has illustrations expression,rdaed:illustrationsExpression.en,rdaed:P20094,property,rdac:C10006,rdae:P20094,rdaed:P20105,,Published
is adapted as motion picture screenplay expression,rdaed:adaptedAsMotionPictureScreenplayExpression.en,rdaed:P20095,property,rdac:C10006,rdae:P20095,rdaed:P20096,,Published
is adapted as screenplay expression,rdaed:adaptedAsScreenplayExpression.en,rdaed:P20096,property,rdac:C10006,rdae:P20096,rdaed:P20153,,Published
is adapted as television screenplay expression,rdaed:adaptedAsTelevisionScreenplayExpression.en,rdaed:P20097,property,rdac:C10006,rdae:P20097,rdaed:P20096,,Published
is adapted as video screenplay expression,rdaed:adaptedAsVideoScreenplayExpression.en,rdaed:P20098,property,rdac:C10006,rdae:P20098,rdaed:P20096,,Published
is adapted as radio script expression,rdaed:adaptedAsRadioScriptExpression.en,rdaed:P20099,property,rdac:C10006,rdae:P20099,rdaed:P20153,,Published
is complemented by expression,rdaed:complementedByExpression.en,rdaed:P20100,property,rdac:C10006,rdae:P20100,rdaed:P20205,,Published
is separated into expression,rdaed:separatedIntoExpression.en,rdaed:P20101,property,rdac:C10006,rdae:P20101,rdaed:P20169,,Published
is screenplay for expression,rdaed:screenplayForExpression.en,rdaed:P20102,property,rdac:C10006,rdae:P20102,rdaed:P20100,,Published
is incidental music for expression,rdaed:incidentalMusicForExpression.en,rdaed:P20103,property,rdac:C10006,rdae:P20103,rdaed:P20244,,Published
is abstracted as expression,rdaed:abstractedAsExpression.en,rdaed:P20104,property,rdac:C10006,rdae:P20104,rdaed:P20203,,Published
is augmented by expression,rdaed:augmentedByExpression.en,rdaed:P20105,property,rdac:C10006,rdae:P20105,rdaed:P20205,,Published
is summarized as expression,rdaed:summarizedAsExpression.en,rdaed:P20106,property,rdac:C10006,rdae:P20106,rdaed:P20203,,Published
has catalogue expression,rdaed:catalogueExpression.en,rdaed:P20107,property,rdac:C10006,rdae:P20107,rdaed:P20105,,Published
has concordance expression,rdaed:concordanceExpression.en,rdaed:P20108,property,rdac:C10006,rdae:P20108,rdaed:P20105,,Published
has addenda expression,rdaed:addendaExpression.en,rdaed:P20109,property,rdac:C10006,rdae:P20109,rdaed:P20105,,Published
is adapted as libretto expression,rdaed:adaptedAsLibrettoExpression.en,rdaed:P20110,property,rdac:C10006,rdae:P20110,rdaed:P20153,,Published
is imitated as expression,rdaed:imitatedAsExpression.en,rdaed:P20114,property,rdac:C10006,rdae:P20114,rdaed:P20203,,Published
is expanded as expression,rdaed:expandedAsExpression.en,rdaed:P20115,property,rdac:C10006,rdae:P20115,rdaed:P20203,,Published
has appendix expression,rdaed:appendixExpression.en,rdaed:P20118,property,rdac:C10006,rdae:P20118,rdaed:P20105,,Published
is freely translated as expression,rdaed:freelyTranslatedAsExpression.en,rdaed:P20119,property,rdac:C10006,rdae:P20119,rdaed:P20203,,Published
has guide expression,rdaed:guideExpression.en,rdaed:P20120,property,rdac:C10006,rdae:P20120,rdaed:P20105,,Published
is abridgement of expression,rdaed:abridgementOfExpression.en,rdaed:P20121,property,rdac:C10006,rdae:P20121,rdaed:P20204,,Published
is abstract of expression,rdaed:abstractOfExpression.en,rdaed:P20122,property,rdac:C10006,rdae:P20122,rdaed:P20204,,Published
is dramatization of expression,rdaed:dramatizationOfExpression.en,rdaed:P20123,property,rdac:C10006,rdae:P20123,rdaed:P20152,,Published
is verse adaptation of expression,rdaed:verseAdaptationOfExpression.en,rdaed:P20124,property,rdac:C10006,rdae:P20124,rdaed:P20152,,Published
is motion picture adaptation of expression,rdaed:motionPictureAdaptationOfExpression.en,rdaed:P20125,property,rdac:C10006,rdae:P20125,rdaed:P20152,,Published
is novelization of expression,rdaed:novelizationOfExpression.en,rdaed:P20126,property,rdac:C10006,rdae:P20126,rdaed:P20152,,Published
is radio adaptation of expression,rdaed:radioAdaptationOfExpression.en,rdaed:P20127,property,rdac:C10006,rdae:P20127,rdaed:P20152,,Published
is television adaptation of expression,rdaed:televisionAdaptationOfExpression.en,rdaed:P20128,property,rdac:C10006,rdae:P20128,rdaed:P20152,,Published
is screenplay based on expression,rdaed:screenplayBasedOnExpression.en,rdaed:P20129,property,rdac:C10006,rdae:P20129,rdaed:P20152,,Published
is motion picture screenplay based on expression,rdaed:motionPictureScreenplayBasedOnExpression.en,rdaed:P20130,property,rdac:C10006,rdae:P20130,rdaed:P20129,,Published
is television screenplay based on expression,rdaed:televisionScreenplayBasedOnExpression.en,rdaed:P20131,property,rdac:C10006,rdae:P20131,rdaed:P20129,,Published
is video screenplay based on expression,rdaed:videoScreenplayBasedOnExpression.en,rdaed:P20132,property,rdac:C10006,rdae:P20132,rdaed:P20129,,Published
is radio script based on expression,rdaed:radioScriptBasedOnExpression.en,rdaed:P20133,property,rdac:C10006,rdae:P20133,rdaed:P20152,,Published
is video adaptation of expression,rdaed:videoAdaptationOfExpression.en,rdaed:P20134,property,rdac:C10006,rdae:P20134,rdaed:P20152,,Published
is digest of expression,rdaed:digestOfExpression.en,rdaed:P20135,property,rdac:C10006,rdae:P20135,rdaed:P20204,,Published
is absorption of expression,rdaed:absorptionOfExpression.en,rdaed:P20137,property,rdac:C10006,rdae:P20137,rdaed:P20154,,Published
is absorption in part of expression,rdaed:absorptionInPartOfExpression.en,rdaed:P20138,property,rdac:C10006,rdae:P20138,rdaed:P20154,,Published
is arrangement of,rdaed:arrangementOf.en,rdaed:P20139,property,rdac:C10006,rdae:P20139,rdaed:P20204,,Published
is free translation of expression,rdaed:freeTranslationOfExpression.en,rdaed:P20140,property,rdac:C10006,rdae:P20140,rdaed:P20204,,Published
is translation of,rdaed:translationOf.en,rdaed:P20141,property,rdac:C10006,rdae:P20141,rdaed:P20204,,Published
is parodied as expression,rdaed:parodiedAsExpression.en,rdaed:P20142,property,rdac:C10006,rdae:P20142,rdaed:P20114,,Published
is absorbed by expression,rdaed:absorbedByExpression.en,rdaed:P20143,property,rdac:C10006,rdae:P20143,rdaed:P20169,,Published
is absorbed in part by expression,rdaed:absorbedInPartByExpression.en,rdaed:P20144,property,rdac:C10006,rdae:P20144,rdaed:P20169,,Published
has part expression,rdaed:partExpression.en,rdaed:P20145,property,rdac:C10006,rdae:P20145,rdaed:P20205,,Published
is errata to expression,rdaed:errataToExpression.en,rdaed:P20146,property,rdac:C10006,rdae:P20146,rdaed:P20192,,Published
is guide to expression,rdaed:guideToExpression.en,rdaed:P20147,property,rdac:C10006,rdae:P20147,rdaed:P20192,,Published
is illustrations for expression,rdaed:illustrationsForExpression.en,rdaed:P20148,property,rdac:C10006,rdae:P20148,rdaed:P20192,,Published
is continuation of expression,rdaed:continuationOfExpression.en,rdaed:P20149,property,rdac:C10006,rdae:P20149,rdaed:P20154,,Published
is supplement to expression,rdaed:supplementToExpression.en,rdaed:P20151,property,rdac:C10006,rdae:P20151,rdaed:P20192,,Published
is adaptation of expression,rdaed:adaptationOfExpression.en,rdaed:P20152,property,rdac:C10006,rdae:P20152,rdaed:P20204,,Published
is adapted as expression,rdaed:adaptedAsExpression.en,rdaed:P20153,property,rdac:C10006,rdae:P20153,rdaed:P20203,,Published
is preceded by expression,rdaed:precededByExpression.en,rdaed:P20154,property,rdac:C10006,rdae:P20154,rdaed:P20205,,Published
has finding aid expression,rdaed:findingAidExpression.en,rdaed:P20155,property,rdac:C10006,rdae:P20155,rdaed:P20105,,Published
has index expression,rdaed:indexExpression.en,rdaed:P20156,property,rdac:C10006,rdae:P20156,rdaed:P20105,,Published
has screenplay expression,rdaed:screenplayExpression.en,rdaed:P20157,property,rdac:C10006,rdae:P20157,rdaed:P20100,,Published
has motion picture screenplay expression,rdaed:motionPictureScreenplayExpression.en,rdaed:P20158,property,rdac:C10006,rdae:P20158,rdaed:P20157,,Published
is musical setting of expression,rdaed:musicalSettingOfExpression.en,rdaed:P20159,property,rdac:C10006,rdae:P20159,rdaed:P20204,,Published
has radio script expression,rdaed:radioScriptExpression.en,rdaed:P20160,property,rdac:C10006,rdae:P20160,rdaed:P20100,,Published
has television screenplay expression,rdaed:televisionScreenplayExpression.en,rdaed:P20161,property,rdac:C10006,rdae:P20161,rdaed:P20157,,Published
has video screenplay expression,rdaed:videoScreenplayExpression.en,rdaed:P20162,property,rdac:C10006,rdae:P20162,rdaed:P20157,,Published
has libretto expression,rdaed:librettoExpression.en,rdaed:P20163,property,rdac:C10006,rdae:P20163,rdaed:P20100,,Published
is paraphrased as expression,rdaed:paraphrasedAsExpression.en,rdaed:P20164,property,rdac:C10006,rdae:P20164,rdaed:P20203,,Published
is arranged as,rdaed:arrangedAs.en,rdaed:P20165,property,rdac:C10006,rdae:P20165,rdaed:P20203,,Published
is abridged as expression,rdaed:abridgedAsExpression.en,rdaed:P20166,property,rdac:C10006,rdae:P20166,rdaed:P20203,,Published
is split from expression,rdaed:splitFromExpression.en,rdaed:P20167,property,rdac:C10006,rdae:P20167,rdaed:P20154,,Published
is separated from expression,rdaed:separatedFromExpression.en,rdaed:P20168,property,rdac:C10006,rdae:P20168,rdaed:P20154,,Published
is succeeded by expression,rdaed:succeededByExpression.en,rdaed:P20169,property,rdac:C10006,rdae:P20169,rdaed:P20205,,Published
is digested as expression,rdaed:digestedAsExpression.en,rdaed:P20170,property,rdac:C10006,rdae:P20170,rdaed:P20203,,Published
is translated as,rdaed:translatedAs.en,rdaed:P20171,property,rdac:C10006,rdae:P20171,rdaed:P20203,,Published
has supplement expression,rdaed:supplementExpression.en,rdaed:P20172,property,rdac:C10006,rdae:P20172,rdaed:P20105,,Published
is screenplay for motion picture expression,rdaed:screenplayForMotionPictureExpression.en,rdaed:P20173,property,rdac:C10006,rdae:P20173,rdaed:P20102,,Published
is screenplay for television program expression,rdaed:screenplayForTelevisionProgramExpression.en,rdaed:P20174,property,rdac:C10006,rdae:P20174,rdaed:P20102,,Published
is screenplay for video expression,rdaed:screenplayForVideoExpression.en,rdaed:P20175,property,rdac:C10006,rdae:P20175,rdaed:P20102,,Published
is script for radio program expression,rdaed:scriptForRadioProgramExpression.en,rdaed:P20176,property,rdac:C10006,rdae:P20176,rdaed:P20100,,Published
is addenda to expression,rdaed:addendaToExpression.en,rdaed:P20177,property,rdac:C10006,rdae:P20177,rdaed:P20192,,Published
is summary of expression,rdaed:summaryOfExpression.en,rdaed:P20179,property,rdac:C10006,rdae:P20179,rdaed:P20204,,Published
is catalogue of expression,rdaed:catalogueOfExpression.en,rdaed:P20180,property,rdac:C10006,rdae:P20180,rdaed:P20192,,Published
is concordance to expression,rdaed:concordanceToExpression.en,rdaed:P20181,property,rdac:C10006,rdae:P20181,rdaed:P20192,,Published
is choreographic adaptation of expression,rdaed:choreographicAdaptationOfExpression.en,rdaed:P20183,property,rdac:C10006,rdae:P20183,rdaed:P20152,,Published
is expanded version of expression,rdaed:expandedVersionOfExpression.en,rdaed:P20184,property,rdac:C10006,rdae:P20184,rdaed:P20204,,Published
is remake of expression,rdaed:remakeOfExpression.en,rdaed:P20185,property,rdac:C10006,rdae:P20185,rdaed:P20204,,Published
is paraphrase of expression,rdaed:paraphraseOfExpression.en,rdaed:P20186,property,rdac:C10006,rdae:P20186,rdaed:P20204,,Published
is index to expression,rdaed:indexToExpression.en,rdaed:P20188,property,rdac:C10006,rdae:P20188,rdaed:P20192,,Published
is revision of,rdaed:revisionOf.en,rdaed:P20189,property,rdac:C10006,rdae:P20189,rdaed:P20204,,Published
is libretto based on expression,rdaed:librettoBasedOnExpression.en,rdaed:P20190,property,rdac:C10006,rdae:P20190,rdaed:P20152,,Published
is continued by expression,rdaed:continuedByExpression.en,rdaed:P20191,property,rdac:C10006,rdae:P20191,rdaed:P20169,,Published
is augmentation of expression,rdaed:augmentationOfExpression.en,rdaed:P20192,property,rdac:C10006,rdae:P20192,rdaed:P20205,,Published
is abstracts for expression,rdaed:abstractsForExpression.en,rdaed:P20193,property,rdac:C10006,rdae:P20193,rdaed:P20204,,Published
is indexing for expression,rdaed:indexingForExpression.en,rdaed:P20194,property,rdac:C10006,rdae:P20194,rdaed:P20204,,Published
is imitation of expression,rdaed:imitationOfExpression.en,rdaed:P20195,property,rdac:C10006,rdae:P20195,rdaed:P20204,,Published
is parody of expression,rdaed:parodyOfExpression.en,rdaed:P20196,property,rdac:C10006,rdae:P20196,rdaed:P20195,,Published
is finding aid for expression,rdaed:findingAidForExpression.en,rdaed:P20197,property,rdac:C10006,rdae:P20197,rdaed:P20192,,Published
is replacement in part of expression,rdaed:replacementInPartOfExpression.en,rdaed:P20198,property,rdac:C10006,rdae:P20198,rdaed:P20154,,Published
is replacement of expression,rdaed:replacementOfExpression.en,rdaed:P20199,property,rdac:C10006,rdae:P20199,rdaed:P20154,,Published
is split into expression,rdaed:splitIntoExpression.en,rdaed:P20200,property,rdac:C10006,rdae:P20200,rdaed:P20169,,Published
is merger of expression,rdaed:mergerOfExpression.en,rdaed:P20201,property,rdac:C10006,rdae:P20201,rdaed:P20154,,Published
has derivative expression,rdaed:derivativeExpression.en,rdaed:P20203,property,rdac:C10006,rdae:P20203,rdaed:P20205,,Published
is based on expression,rdaed:basedOnExpression.en,rdaed:P20204,property,rdac:C10006,rdae:P20204,rdaed:P20205,,Published
has related expression of expression,rdaed:relatedExpressionExpression.en,rdaed:P20205,property,rdac:C10006,rdae:P20205,rdaed:P20297,,Published
has supplementary content (Deprecated),rdaed:supplementaryContent.en,rdaed:P20206,property,rdac:C10006,rdae:P20206,,,Deprecated
has illustrative content (Deprecated),rdaed:illustrativeContent.en,rdaed:P20207,property,rdac:C10006,rdae:P20207,,,Deprecated
has accessibility content (Deprecated),rdaed:accessibilityContent.en,rdaed:P20208,property,rdac:C10006,rdae:P20208,,,Deprecated
has format of notated music,rdaed:formatOfNotatedMusic.en,rdaed:P20209,property,rdac:C10006,rdae:P20209,,,Published
has details of cartographic content,rdaed:detailsOfCartographicContent.en,rdaed:P20210,property,rdac:C10006,rdae:P20210,,,Published
is revised as,rdaed:revisedAs.en,rdaed:P20211,property,rdac:C10006,rdae:P20211,rdaed:P20203,,Published
is merged to form expression,rdaed:mergedToFormExpression.en,rdaed:P20212,property,rdac:C10006,rdae:P20212,rdaed:P20169,,Published
has additional scale information,rdaed:additionalScaleInformation.en,rdaed:P20213,property,rdac:C10006,rdae:P20213,rdaed:P20228,,Published
has date of expression,rdaed:dateOfExpression.en,rdaed:P20214,property,rdac:C10006,rdae:P20214,rdaed:P20307,,Published
has medium of performance of musical content,rdaed:mediumOfPerformanceOfMusicalContent.en,rdaed:P20215,property,rdac:C10006,rdae:P20215,,,Published
has projection of cartographic content,rdaed:projectionOfCartographicContent.en,rdaed:P20216,property,rdac:C10006,rdae:P20216,,,Published
has capture information,rdaed:captureInformation.en,rdaed:P20217,property,rdac:C10006,rdae:P20217,,,Published
has place of capture,rdaed:placeOfCapture.en,rdaed:P20218,property,rdac:C10006,rdae:P20218,rdaed:P20306,rdaed:P20217,Published
has duration,rdaed:duration.en,rdaed:P20219,property,rdac:C10006,rdae:P20219,rdaed:P20307,,Published
has colour content (Deprecated),rdaed:colourContent.en,rdaed:P20224,property,rdac:C10006,rdae:P20224,,,Deprecated
has sound content (Deprecated),rdaed:soundContent.en,rdaed:P20225,property,rdac:C10006,rdae:P20225,,,Deprecated
has horizontal scale of cartographic content,rdaed:horizontalScaleOfCartographicContent.en,rdaed:P20226,property,rdac:C10006,rdae:P20226,rdaed:P20228,,Published
has scale of still image or three-dimensional form,rdaed:scaleOfStillImageOrThreeDimensionalForm.en,rdaed:P20227,property,rdac:C10006,rdae:P20227,rdaed:P20228,,Published
has scale,rdaed:scale.en,rdaed:P20228,property,rdac:C10006,rdae:P20228,,,Published
has aspect ratio,rdaed:aspectRatioDesignation.en,rdaed:P20229,property,rdac:C10006,rdae:P20229,,,Published
has vertical scale of cartographic content,rdaed:verticalScaleOfCartographicContent.en,rdaed:P20230,property,rdac:C10006,rdae:P20230,rdaed:P20228,,Published
has work expressed,rdaed:workExpressed.en,rdaed:P20231,property,rdac:C10006,rdae:P20231,rdaed:P20298,,Published
has accompanying expression relationship with (Deprecated),rdaed:accompanyingExpressionRelationship.en,rdaed:P20232,property,rdac:C10006,rdae:P20232,,,Deprecated
has derivative expression relationship with (Deprecated),rdaed:derivativeExpressionRelationship.en,rdaed:P20233,property,rdac:C10006,rdae:P20233,,,Deprecated
has sequential expression relationship with (Deprecated),rdaed:sequentialExpressionRelationship.en,rdaed:P20235,property,rdac:C10006,rdae:P20235,,,Deprecated
has whole-part expression relationship with (Deprecated),rdaed:wholePartExpressionRelationship.en,rdaed:P20236,property,rdac:C10006,rdae:P20236,,,Deprecated
has writer of afterword (Deprecated),rdaed:writerOfAfterword.en,rdaed:P20237,property,rdac:C10006,rdae:P20237,rdaed:P20046,,Deprecated
has writer of postface (Deprecated),rdaed:writerOfPostface.en,rdaed:P20238,property,rdac:C10006,rdae:P20238,rdaed:P20046,,Deprecated
is musical theatre adaptation of expression,rdaed:musicalTheatreAdaptationOfExpression.en,rdaed:P20239,property,rdac:C10006,rdae:P20239,rdaed:P20152,,Published
is opera adaptation of expression,rdaed:operaAdaptationOfExpression.en,rdaed:P20240,property,rdac:C10006,rdae:P20240,rdaed:P20152,,Published
is adapted as musical theatre expression,rdaed:adaptedAsMusicalTheatreExpression.en,rdaed:P20241,property,rdac:C10006,rdae:P20241,rdaed:P20153,,Published
is adapted as opera expression,rdaed:adaptedAsOperaExpression.en,rdaed:P20242,property,rdac:C10006,rdae:P20242,rdaed:P20153,,Published
has music expression,rdaed:musicExpression.en,rdaed:P20243,property,rdac:C10006,rdae:P20243,rdaed:P20100,,Published
is music for expression,rdaed:musicForExpression.en,rdaed:P20244,property,rdac:C10006,rdae:P20244,rdaed:P20100,,Published
has video music expression,rdaed:videoMusicExpression.en,rdaed:P20245,property,rdac:C10006,rdae:P20245,rdaed:P20243,,Published
is music for video expression,rdaed:musicForVideoExpression.en,rdaed:P20246,property,rdac:C10006,rdae:P20246,rdaed:P20244,,Published
has television program music expression,rdaed:televisionProgramMusicExpression.en,rdaed:P20247,property,rdac:C10006,rdae:P20247,rdaed:P20243,,Published
is music for television program expression,rdaed:musicForTelevisionProgramExpression.en,rdaed:P20248,property,rdac:C10006,rdae:P20248,rdaed:P20244,,Published
has radio program music expression,rdaed:radioProgramMusicExpression.en,rdaed:P20249,property,rdac:C10006,rdae:P20249,rdaed:P20243,,Published
is music for radio program expression,rdaed:musicForRadioProgramExpression.en,rdaed:P20250,property,rdac:C10006,rdae:P20250,rdaed:P20244,,Published
has motion picture music expression,rdaed:motionPictureMusicExpression.en,rdaed:P20251,property,rdac:C10006,rdae:P20251,rdaed:P20243,,Published
is music for motion picture expression,rdaed:musicForMotionPictureExpression.en,rdaed:P20252,property,rdac:C10006,rdae:P20252,rdaed:P20244,,Published
has choreography expression,rdaed:choreographyExpression.en,rdaed:P20253,property,rdac:C10006,rdae:P20253,rdaed:P20100,,Published
is choreography for expression,rdaed:choreographyForExpression.en,rdaed:P20254,property,rdac:C10006,rdae:P20254,rdaed:P20100,,Published
is adapted as graphic novel expression,rdaed:adaptedAsGraphicNovelExpression.en,rdaed:P20255,property,rdac:C10006,rdae:P20255,rdaed:P20153,,Published
is graphic novelization of expression,rdaed:graphicNovelizationOfExpression.en,rdaed:P20256,property,rdac:C10006,rdae:P20256,rdaed:P20152,,Published
has visual effects provider agent,rdaed:visualEffectsProviderAgent.en,rdaed:P20257,property,rdac:C10006,rdae:P20257,rdaed:P20329,,Published
has special effects provider agent,rdaed:specialEffectsProviderAgent.en,rdaed:P20258,property,rdac:C10006,rdae:P20258,rdaed:P20329,,Published
has letterer agent,rdaed:lettererAgent.en,rdaed:P20259,property,rdac:C10006,rdae:P20259,rdaed:P20328,,Published
has details of aspect ratio designation,rdaed:detailsOfAspectRatioDesignation.en,rdaed:P20260,property,rdac:C10006,rdae:P20260,,,Published
has details of colour content (Deprecated),rdaed:detailsOfColourContent.en,rdaed:P20261,property,rdac:C10006,rdae:P20261,,,Deprecated
has details of form of musical notation,rdaed:detailsOfFormOfMusicalNotation.en,rdaed:P20262,property,rdac:C10006,rdae:P20262,,,Published
has details of form of notated movement,rdaed:detailsOfFormOfNotatedMovement.en,rdaed:P20263,property,rdac:C10006,rdae:P20263,,,Published
has details of format of notated music,rdaed:detailsOfFormatOfNotatedMusic.en,rdaed:P20264,property,rdac:C10006,rdae:P20264,,,Published
has details of form of tactile notation,rdaed:detailsOfFormOfTactileNotation.en,rdaed:P20265,property,rdac:C10006,rdae:P20265,,,Published
has details of script,rdaed:detailsOfScript.en,rdaed:P20266,property,rdac:C10006,rdae:P20266,,,Published
has details of illustrative content (Deprecated),rdaed:detailsOfIllustrativeContent.en,rdaed:P20267,property,rdac:C10006,rdae:P20267,,,Deprecated
is subject expression of,rdaed:subjectExpressionOf.en,rdaed:P20268,property,rdac:C10006,rdae:P20268,rdaed:P20298,rdaxd:P00014,Published
is expression described in,rdaed:describedInExpression.en,rdaed:P20269,property,rdac:C10006,rdae:P20269,rdaed:P20268,,Published
is expression analysed in,rdaed:expressionAnalysedIn.en,rdaed:P20270,property,rdac:C10006,rdae:P20270,rdaed:P20269,,Published
is expression commentary in,rdaed:commentaryInExpression.en,rdaed:P20271,property,rdac:C10006,rdae:P20271,rdaed:P20269,,Published
is expression critiqued in,rdaed:critiquedInExpression.en,rdaed:P20272,property,rdac:C10006,rdae:P20272,rdaed:P20269,,Published
is expression evaluated in,rdaed:evaluatedInExpression.en,rdaed:P20273,property,rdac:C10006,rdae:P20273,rdaed:P20269,,Published
is expression reviewed in,rdaed:reviewedInExpression.en,rdaed:P20274,property,rdac:C10006,rdae:P20274,rdaed:P20269,,Published
has writer of foreword (Deprecated),rdaed:writerOfForeword.en,rdaed:P20275,property,rdac:C10006,rdae:P20275,rdaed:P20046,,Deprecated
has sound designer agent,rdaed:soundDesignerAgent.en,rdaed:P20276,property,rdac:C10006,rdae:P20276,rdaed:P20329,,Published
has lighting designer agent,rdaed:lightingDesignerAgent.en,rdaed:P20277,property,rdac:C10006,rdae:P20277,rdaed:P20329,,Published
has details of duration,rdaed:detailsOfDuration.en,rdaed:P20278,property,rdac:C10006,rdae:P20278,,,Published
has onscreen participant agent,rdaed:onscreenParticipantAgent.en,rdaed:P20279,property,rdac:C10006,rdae:P20279,rdaed:P20329,,Published
has software developer agent,rdaed:softwareDeveloperAgent.en,rdaed:P20280,property,rdac:C10006,rdae:P20280,rdaed:P20328,,Published
is oratorio adaptation of expression,rdaed:oratorioAdaptationOfExpression.en,rdaed:P20281,property,rdac:C10006,rdae:P20281,rdaed:P20152,,Published
is adapted as oratorio expression,rdaed:adaptedAsOratorioExpression.en,rdaed:P20282,property,rdac:C10006,rdae:P20282,rdaed:P20153,,Published
has colourist agent,rdaed:colouristAgent.en,rdaed:P20283,property,rdac:C10006,rdae:P20283,rdaed:P20328,,Published
has makeup artist agent,rdaed:makeupArtistAgent.en,rdaed:P20284,property,rdac:C10006,rdae:P20284,rdaed:P20329,,Published
has choral conductor agent,rdaed:choralConductorAgent.en,rdaed:P20285,property,rdac:C10006,rdae:P20285,rdaed:P20011,,Published
has instrumental conductor agent,rdaed:instrumentalConductorAgent.en,rdaed:P20286,property,rdac:C10006,rdae:P20286,rdaed:P20011,,Published
has censor agent,rdaed:censorAgent.en,rdaed:P20287,property,rdac:C10006,rdae:P20287,rdaed:P20327,,Published
has photographer of expression (Deprecated),rdaed:photographerExpression.en,rdaed:P20288,property,rdac:C10006,rdae:P20288,rdaed:P20051,,Deprecated
has restorationist agent of expression,rdaed:restorationistAgentOfExpression.en,rdaed:P20289,property,rdac:C10006,rdae:P20289,rdaed:P20327,,Published
has aspect ratio designation,rdaed:aspectRatioDesignation.en,rdaed:P20290,property,rdac:C10006,rdae:P20290,,,Published
has scale designation,rdaed:scaleDesignation.en,rdaed:P20291,property,rdac:C10006,rdae:P20291,,,Published
has audio engineer agent,rdaed:audioEngineerAgent.en,rdaed:P20292,property,rdac:C10006,rdae:P20292,rdaed:P20329,,Published
has mixing engineer agent,rdaed:mixingEngineerAgent.en,rdaed:P20293,property,rdac:C10006,rdae:P20293,rdaed:P20292,,Published
has music programmer agent,rdaed:musicProgrammerAgent.en,rdaed:P20294,property,rdac:C10006,rdae:P20294,rdaed:P20329,,Published
has dubbing director agent,rdaed:dubbingDirectorAgent.en,rdaed:P20295,property,rdac:C10006,rdae:P20295,rdaed:P20329,,Published
has DJ agent,rdaed:djAgent.en,rdaed:P20296,property,rdac:C10006,rdae:P20296,rdaed:P20329,,Published
has related RDA entity of expression,rdaed:relatedRDAEntityOfExpression.en,rdaed:P20297,property,rdac:C10006,rdae:P20297,rdaxo:P00001,,Published
has related work of expression,rdaed:relatedWorkOfExpression.en,rdaed:P20298,property,rdac:C10006,rdae:P20298,rdaed:P20297,,Published
has related manifestation of expression,rdaed:relatedManifestationOfExpression.en,rdaed:P20299,property,rdac:C10006,rdae:P20299,rdaed:P20297,,Published
has related item of expression,rdaed:relatedItemOfExpression.en,rdaed:P20300,property,rdac:C10006,rdae:P20300,rdaed:P20297,,Published
has related agent of expression,rdaed:relatedAgentOfExpression.en,rdaed:P20301,property,rdac:C10006,rdae:P20301,rdaed:P20297,,Published
has related person of expression,rdaed:relatedPersonOfExpression.en,rdaed:P20302,property,rdac:C10006,rdae:P20302,rdaed:P20301,,Published
has related family of expression,rdaed:relatedFamilyOfExpression.en,rdaed:P20303,property,rdac:C10006,rdae:P20303,rdaed:P20305,,Published
has related corporate body of expression,rdaed:relatedCorporateBodyOfExpression.en,rdaed:P20304,property,rdac:C10006,rdae:P20304,rdaed:P20305,,Published
has related collective agent of expression,rdaed:relatedCollectiveAgentOfExpression.en,rdaed:P20305,property,rdac:C10006,rdae:P20305,rdaed:P20301,,Published
has related place of expression,rdaed:relatedPlaceOfExpression.en,rdaed:P20306,property,rdac:C10006,rdae:P20306,rdaed:P20297,,Published
has related timespan of expression,rdaed:relatedTimespanOfExpression.en,rdaed:P20307,property,rdac:C10006,rdae:P20307,rdaed:P20297,,Published
has related nomen of expression,rdaed:relatedNomenOfExpression.en,rdaed:P20308,property,rdac:C10006,rdae:P20308,rdaed:P20297,,Published
has note on capture,rdaed:noteOnCapture.en,rdaed:P20309,property,rdac:C10006,rdae:P20309,rdaed:P20217,,Published
has access point for expression,rdaed:accessPointForExpression.en,rdaed:P20310,property,rdac:C10006,rdae:P20310,rdaed:P20311,rdaxd:P00016,Published
has appellation of expression,rdaed:appellationOfExpression.en,rdaed:P20311,property,rdac:C10006,rdae:P20311,rdaed:P20308,rdaxd:P00017,Published
has title of expression,rdaed:titleOfExpression.en,rdaed:P20312,property,rdac:C10006,rdae:P20312,rdaed:P20311,rdaxd:P00019,Published
has relief type,rdaed:authorizedAccessPointForExpression.en,rdaed:P20313,property,rdac:C10006,rdae:P20313,rdaed:P20310,rdaxd:P00020,Published
has authorized access point for expression,rdaed:variantAccessPointForExpression.en,rdaed:P20314,property,rdac:C10006,rdae:P20314,rdaed:P20310,rdaxd:P00022,Published
has variant access point for expression,rdaed:preferredTitleOfExpression.en,rdaed:P20315,property,rdac:C10006,rdae:P20315,rdaed:P20312,rdaxd:P00021,Published
has preferred title of expression,rdaed:variantTitleOfExpression.en,rdaed:P20316,property,rdac:C10006,rdae:P20316,rdaed:P20312,rdaxd:P00023,Published
has variant title of expression,rdaed:primeMeridian.en,rdaed:P20317,property,rdac:C10006,rdae:P20317,,,Published
has prime meridian,rdaed:reliefType.en,rdaed:P20318,property,rdac:C10006,rdae:P20318,,,Published
aggregates,rdaed:aggregates.en,rdaed:P20319,property,rdac:C10006,rdae:P20319,rdaed:P20205,,Published
is aggregated by,rdaed:aggregatedBy.en,rdaed:P20320,property,rdac:C10006,rdae:P20320,rdaed:P20205,,Published
has extent of expression,rdaed:extentOfExpression.en,rdaed:P20321,property,rdac:C10006,rdae:P20321,,,Published
has intended audience of expression,rdaed:intendedAudienceOfExpression.en,rdaed:P20322,property,rdac:C10006,rdae:P20322,,,Published
has interactivity mode,rdaed:interactivityMode.en,rdaed:P20323,property,rdac:C10006,rdae:P20323,,,Published
has medium of performance of choreographic content,rdaed:mediumOfPerformanceOfChoreographicContent.en,rdaed:P20324,property,rdac:C10006,rdae:P20324,,,Published
is representative expression of,rdaed:representativeExpressionOf.en,rdaed:P20325,property,rdac:C10006,rdae:P20325,rdaed:P20298,,Published
has key of expression,rdaed:keyOfExpression.en,rdaed:P20326,property,rdac:C10006,rdae:P20326,,,Published
has reviser agent,rdaed:reviserAgent.en,rdaed:P20327,property,rdac:C10006,rdae:P20327,rdaed:P20053,,Published
has contributor agent to amalgamation,rdaed:contributorAgentToAmalgamation.en,rdaed:P20328,property,rdac:C10006,rdae:P20328,rdaed:P20053,,Published
has contributor agent to performance,rdaed:contributorAgentToPerformance.en,rdaed:P20329,property,rdac:C10006,rdae:P20329,rdaed:P20328,,Published
has editor agent of text,rdaed:editorAgentOfText.en,rdaed:P20330,property,rdac:C10006,rdae:P20330,rdaed:P20328,,Published
has category of expression,rdaed:categoryOfExpression.en,rdaed:P20331,property,rdac:C10006,rdae:P20331,rdaxd:P00029,,Published
has author of expression (Deprecated),rdaed:authorOfExpression.en,rdaed:P20332,property,rdac:C10006,rdae:P20332,rdaed:P20331,,Deprecated
has related entity of expression,rdaed:relatedEntityOfExpression.en,rdaed:P20333,property,rdac:C10006,rdae:P20333,rdaxd:P00028,,Published
has prequel expression,rdaed:prequelExpression.en,rdaed:P20334,property,rdac:C10006,rdae:P20334,rdaed:P20154,,Published
has sequel expression,rdaed:sequelExpression.en,rdaed:P20335,property,rdac:C10006,rdae:P20335,rdaed:P20169,,Published
has choral conductor person,rdaed:choralConductorPerson.en,rdaed:P20336,property,rdac:C10006,rdae:P20336,rdaed:P20383,rdaed:P20285,Published
has interviewer person of expression,rdaa:interviewerPersonOfExpression.en,rdaed:P20337,property,rdac:C10006,rdae:P20337,rdaed:P20366,rdaed:P20032,Published
has editor person of text,rdaed:editorPersonOfText.en,rdaed:P20338,property,rdac:C10006,rdae:P20338,rdaed:P20367,rdaed:P20330,Published
has draftsman person,rdaed:draftsmanPerson.en,rdaed:P20339,property,rdac:C10006,rdae:P20339,rdaed:P20367,rdaed:P20033,Published
has colourist person,rdaed:colouristPerson.en,rdaed:P20340,property,rdac:C10006,rdae:P20340,rdaed:P20367,rdaed:P20283,Published
has makeup artist person,rdaed:makeupArtistPerson.en,rdaed:P20341,property,rdac:C10006,rdae:P20341,rdaed:P20366,rdaed:P20284,Published
has musical director person,rdaed:musicalDirectorPerson.en,rdaed:P20342,property,rdac:C10006,rdae:P20342,rdaed:P20366,rdaed:P20035,Published
has sound designer person,rdaed:soundDesignerPerson.en,rdaed:P20343,property,rdac:C10006,rdae:P20343,rdaed:P20366,rdaed:P20276,Published
has lighting designer person,rdaed:lightingDesignerPerson.en,rdaed:P20344,property,rdac:C10006,rdae:P20344,rdaed:P20366,rdaed:P20277,Published
has costume designer person,rdaed:costumeDesignerPerson.en,rdaed:P20345,property,rdac:C10006,rdae:P20345,rdaed:P20366,rdaed:P20036,Published
has translator person,rdaed:translatorPerson.en,rdaed:P20346,property,rdac:C10006,rdae:P20346,rdaed:P20389,rdaed:P20037,Published
has reviser person,rdaed:reviserPerson.en,rdaed:P20347,property,rdac:C10006,rdae:P20347,rdaed:P20389,rdaed:P20327,Published
has audio engineer person,rdaed:audioEngineerPerson.en,rdaed:P20348,property,rdac:C10006,rdae:P20348,rdaed:P20366,rdaed:P20292,Published
has DJ person,rdaed:djPerson.en,rdaed:P20349,property,rdac:C10006,rdae:P20349,rdaed:P20366,rdaed:P20296,Published
has art director person,rdaed:artDirectorPerson.en,rdaed:P20350,property,rdac:C10006,rdae:P20350,rdaed:P20366,rdaed:P20038,Published
has performer person,rdaed:performerPerson.en,rdaed:P20351,property,rdac:C10006,rdae:P20351,rdaed:P20366,rdaed:P20039,Published
has court reporter person,rdaed:courtReporterPerson.en,rdaed:P20352,property,rdac:C10006,rdae:P20352,rdaed:P20367,rdaed:P20040,Published
has software developer person,rdaed:softwareDeveloperPerson.en,rdaed:P20353,property,rdac:C10006,rdae:P20353,rdaed:P20367,rdaed:P20280,Published
has interviewee person of expression,rdaa:intervieweePersonOfExpression.en,rdaed:P20354,property,rdac:C10006,rdae:P20354,rdaed:P20366,rdaed:P20047,Published
has restorationist person of expression,rdaed:restorationistPersonOfExpression.en,rdaed:P20355,property,rdac:C10006,rdae:P20355,rdaed:P20347,rdaed:P20289,Published
has censor person,rdaed:censorPerson.en,rdaed:P20356,property,rdac:C10006,rdae:P20356,rdaed:P20347,rdaed:P20287,Published
has abridger person,rdaed:abridgerPerson.en,rdaed:P20357,property,rdac:C10006,rdae:P20357,rdaed:P20347,rdaed:P20049,Published
has recordist person,rdaed:recordistPerson.en,rdaed:P20358,property,rdac:C10006,rdae:P20358,rdaed:P20366,rdaed:P20052,Published
has transcriber person,rdaed:transcriberPerson.en,rdaed:P20359,property,rdac:C10006,rdae:P20359,rdaed:P20347,rdaed:P20034,Published
has special effects provider person,rdaed:specialEffectsProviderPerson.en,rdaed:P20360,property,rdac:C10006,rdae:P20360,rdaed:P20366,rdaed:P20258,Published
has visual effects provider person,rdaed:visualEffectsProviderPerson.en,rdaed:P20361,property,rdac:C10006,rdae:P20361,rdaed:P20366,rdaed:P20257,Published
has music programmer person,rdaed:musicProgrammerPerson.en,rdaed:P20362,property,rdac:C10006,rdae:P20362,rdaed:P20366,rdaed:P20294,Published
has onscreen participant person,rdaed:onscreenParticipantPerson.en,rdaed:P20363,property,rdac:C10006,rdae:P20363,rdaed:P20366,rdaed:P20279,Published
has stage director person,rdaed:stageDirectorPerson.en,rdaed:P20364,property,rdac:C10006,rdae:P20364,rdaed:P20366,rdaed:P20031,Published
has arranger person of music,rdaed:arrangerPersonOfMusic.en,rdaed:P20365,property,rdac:C10006,rdae:P20365,rdaed:P20347,rdaed:P20029,Published
has contributor person to performance,rdaed:contributorPersonToPerformance.en,rdaed:P20366,property,rdac:C10006,rdae:P20366,rdaed:P20367,rdaed:P20329,Published
has contributor person to amalgamation,rdaed:contributorPersonToAmalgamation.en,rdaed:P20367,property,rdac:C10006,rdae:P20367,rdaed:P20389,rdaed:P20328,Published
has instrumental conductor person,rdaed:instrumentalConductorPerson.en,rdaed:P20368,property,rdac:C10006,rdae:P20368,rdaed:P20383,rdaed:P20286,Published
has actor person,rdaed:actorPerson.en,rdaed:P20369,property,rdac:C10006,rdae:P20369,rdaed:P20351,rdaed:P20012,Published
has onscreen presenter person,rdaed:onscreenPresenterPerson.en,rdaed:P20370,property,rdac:C10006,rdae:P20370,rdaed:P20351,rdaed:P20013,Published
has dancer person,rdaed:dancerPerson.en,rdaed:P20371,property,rdac:C10006,rdae:P20371,rdaed:P20351,rdaed:P20014,Published
has host person,rdaed:hostPerson.en,rdaed:P20372,property,rdac:C10006,rdae:P20372,rdaed:P20351,rdaed:P20016,Published
has moderator person,rdaed:moderatorPerson.en,rdaed:P20373,property,rdac:C10006,rdae:P20373,rdaed:P20351,rdaed:P20017,Published
has puppeteer person,rdaed:puppeteerPerson.en,rdaed:P20374,property,rdac:C10006,rdae:P20374,rdaed:P20351,rdaed:P20018,Published
has panelist person,rdaed:panelistPerson.en,rdaed:P20375,property,rdac:C10006,rdae:P20375,rdaed:P20351,rdaed:P20019,Published
has instrumentalist person,rdaed:instrumentalistPerson.en,rdaed:P20376,property,rdac:C10006,rdae:P20376,rdaed:P20351,rdaed:P20020,Published
has commentator person,rdaed:commentatorPerson.en,rdaed:P20377,property,rdac:C10006,rdae:P20377,rdaed:P20351,rdaed:P20021,Published
has narrator person,rdaed:narratorPerson.en,rdaed:P20378,property,rdac:C10006,rdae:P20378,rdaed:P20351,rdaed:P20022,Published
has storyteller person,rdaed:storytellerPerson.en,rdaed:P20379,property,rdac:C10006,rdae:P20379,rdaed:P20351,rdaed:P20023,Published
has speaker person,rdaed:speakerPerson.en,rdaed:P20380,property,rdac:C10006,rdae:P20380,rdaed:P20351,rdaed:P20024,Published
has instructor person,rdaed:instructorPerson.en,rdaed:P20381,property,rdac:C10006,rdae:P20381,rdaed:P20351,rdaed:P20015,Published
has singer person,rdaed:singerPerson.en,rdaed:P20382,property,rdac:C10006,rdae:P20382,rdaed:P20351,rdaed:P20025,Published
has conductor person,rdaed:conductorPerson.en,rdaed:P20383,property,rdac:C10006,rdae:P20383,rdaed:P20351,rdaed:P20011,Published
has voice actor person,rdaed:voiceActorPerson.en,rdaed:P20384,property,rdac:C10006,rdae:P20384,rdaed:P20369,rdaed:P20070,Published
has mixing engineer person,rdaed:mixingEngineerPerson.en,rdaed:P20385,property,rdac:C10006,rdae:P20385,rdaed:P20348,rdaed:P20293,Published
has recording engineer person,rdaed:recordingEngineerPerson.en,rdaed:P20386,property,rdac:C10006,rdae:P20386,rdaed:P20348,rdaed:P20050,Published
has letterer person,rdaed:lettererPerson.en,rdaed:P20387,property,rdac:C10006,rdae:P20387,rdaed:P20367,rdaed:P20259,Published
has presenter person,rdaed:presenterPerson.en,rdaed:P20388,property,rdac:C10006,rdae:P20388,rdaed:P20351,rdaed:P20054,Published
has creator person of expression,rdaed:creatorPersonOfExpression.en,rdaed:P20389,property,rdac:C10006,rdae:P20389,rdaed:P20302,rdaed:P20053,Published
has editor person of moving image work,rdaed:editorPersonOfMovingImageWork.en,rdaed:P20390,property,rdac:C10006,rdae:P20390,rdaed:P20367,rdaed:P20055,Published
has production designer person,rdaed:productionDesignerPerson.en,rdaed:P20391,property,rdac:C10006,rdae:P20391,rdaed:P20366,rdaed:P20056,Published
has minute taker person,rdaed:minuteTakerPerson.en,rdaed:P20392,property,rdac:C10006,rdae:P20392,rdaed:P20367,rdaed:P20058,Published
has dubbing director person,rdaed:dubbingDirectorPerson.en,rdaed:P20393,property,rdac:C10006,rdae:P20393,rdaed:P20366,rdaed:P20295,Published
has animator person,rdaed:animatorPerson.en,rdaed:P20394,property,rdac:C10006,rdae:P20394,rdaed:P20366,rdaed:P20028,Published
has choral conductor collective agent,rdaed:choralConductorCollectiveAgent.en,rdaed:P20395,property,rdac:C10006,rdae:P20395,rdaed:P20442,rdaed:P20285,Published
has interviewer collective agent of expression,rdaa:interviewerCollectiveAgentOfExpression.en,rdaed:P20396,property,rdac:C10006,rdae:P20396,rdaed:P20425,rdaed:P20032,Published
has editor collective agent of text,rdaed:editorCollectiveAgentOfText.en,rdaed:P20397,property,rdac:C10006,rdae:P20397,rdaed:P20426,rdaed:P20330,Published
has draftsman collective agent,rdaed:draftsmanCollectiveAgent.en,rdaed:P20398,property,rdac:C10006,rdae:P20398,rdaed:P20426,rdaed:P20033,Published
has colourist collective agent,rdaed:colouristCollectiveAgent.en,rdaed:P20399,property,rdac:C10006,rdae:P20399,rdaed:P20426,rdaed:P20283,Published
has makeup artist collective agent,rdaed:makeupArtistCollectiveAgent.en,rdaed:P20400,property,rdac:C10006,rdae:P20400,rdaed:P20425,rdaed:P20284,Published
has musical director collective agent,rdaed:musicalDirectorCollectiveAgent.en,rdaed:P20401,property,rdac:C10006,rdae:P20401,rdaed:P20425,rdaed:P20035,Published
has sound designer collective agent,rdaed:soundDesignerCollectiveAgent.en,rdaed:P20402,property,rdac:C10006,rdae:P20402,rdaed:P20425,rdaed:P20276,Published
has lighting designer collective agent,rdaed:lightingDesignerCollectiveAgent.en,rdaed:P20403,property,rdac:C10006,rdae:P20403,rdaed:P20425,rdaed:P20277,Published
has costume designer collective agent,rdaed:costumeDesignerCollectiveAgent.en,rdaed:P20404,property,rdac:C10006,rdae:P20404,rdaed:P20425,rdaed:P20036,Published
has translator collective agent,rdaed:translatorCollectiveAgent.en,rdaed:P20405,property,rdac:C10006,rdae:P20405,rdaed:P20448,rdaed:P20037,Published
has reviser collective agent,rdaed:reviserCollectiveAgent.en,rdaed:P20406,property,rdac:C10006,rdae:P20406,rdaed:P20448,rdaed:P20327,Published
has audio engineer collective agent,rdaed:audioEngineerCollectiveAgent.en,rdaed:P20407,property,rdac:C10006,rdae:P20407,rdaed:P20425,rdaed:P20292,Published
has DJ collective agent,rdaed:djCollectiveAgent.en,rdaed:P20408,property,rdac:C10006,rdae:P20408,rdaed:P20425,rdaed:P20296,Published
has art director collective agent,rdaed:artDirectorCollectiveAgent.en,rdaed:P20409,property,rdac:C10006,rdae:P20409,rdaed:P20425,rdaed:P20038,Published
has performer collective agent,rdaed:performerCollectiveAgent.en,rdaed:P20410,property,rdac:C10006,rdae:P20410,rdaed:P20425,rdaed:P20039,Published
has court reporter collective agent,rdaed:courtReporterCollectiveAgent.en,rdaed:P20411,property,rdac:C10006,rdae:P20411,rdaed:P20426,rdaed:P20040,Published
has software developer collective agent,rdaed:softwareDeveloperCollectiveAgent.en,rdaed:P20412,property,rdac:C10006,rdae:P20412,rdaed:P20426,rdaed:P20280,Published
has interviewee collective agent of expression,rdaa:intervieweeCollectiveAgentOfExpression.en,rdaed:P20413,property,rdac:C10006,rdae:P20413,rdaed:P20425,rdaed:P20047,Published
has restorationist collective agent of expression,rdaed:restorationistCollectiveAgentOfExpression.en,rdaed:P20414,property,rdac:C10006,rdae:P20414,rdaed:P20406,rdaed:P20289,Published
has censor collective agent,rdaed:censorCollectiveAgent.en,rdaed:P20415,property,rdac:C10006,rdae:P20415,rdaed:P20406,rdaed:P20287,Published
has abridger collective agent,rdaed:abridgerCollectiveAgent.en,rdaed:P20416,property,rdac:C10006,rdae:P20416,rdaed:P20406,rdaed:P20049,Published
has recordist collective agent,rdaed:recordistCollectiveAgent.en,rdaed:P20417,property,rdac:C10006,rdae:P20417,rdaed:P20425,rdaed:P20052,Published
has transcriber collective agent,rdaed:transcriberCollectiveAgent.en,rdaed:P20418,property,rdac:C10006,rdae:P20418,rdaed:P20406,rdaed:P20034,Published
has special effects provider collective agent,rdaed:specialEffectsProviderCollectiveAgent.en,rdaed:P20419,property,rdac:C10006,rdae:P20419,rdaed:P20425,rdaed:P20258,Published
has visual effects provider collective agent,rdaed:visualEffectsProviderCollectiveAgent.en,rdaed:P20420,property,rdac:C10006,rdae:P20420,rdaed:P20425,rdaed:P20257,Published
has music programmer collective agent,rdaed:musicProgrammerCollectiveAgent.en,rdaed:P20421,property,rdac:C10006,rdae:P20421,rdaed:P20425,rdaed:P20294,Published
has onscreen participant collective agent,rdaed:onscreenParticipantCollectiveAgent.en,rdaed:P20422,property,rdac:C10006,rdae:P20422,rdaed:P20425,rdaed:P20279,Published
has stage director collective agent,rdaed:stageDirectorCollectiveAgent.en,rdaed:P20423,property,rdac:C10006,rdae:P20423,rdaed:P20425,rdaed:P20031,Published
has arranger collective agent of music,rdaed:arrangerCollectiveAgentOfMusic.en,rdaed:P20424,property,rdac:C10006,rdae:P20424,rdaed:P20406,rdaed:P20029,Published
has contributor collective agent to performance,rdaed:contributorCollectiveAgentToPerformance.en,rdaed:P20425,property,rdac:C10006,rdae:P20425,rdaed:P20426,rdaed:P20329,Published
has contributor collective agent to amalgamation,rdaed:contributorCollectiveAgentToAmalgamation.en,rdaed:P20426,property,rdac:C10006,rdae:P20426,rdaed:P20448,rdaed:P20328,Published
has instrumental conductor collective agent,rdaed:instrumentalConductorCollectiveAgent.en,rdaed:P20427,property,rdac:C10006,rdae:P20427,rdaed:P20442,rdaed:P20286,Published
has actor collective agent,rdaed:actorCollectiveAgent.en,rdaed:P20428,property,rdac:C10006,rdae:P20428,rdaed:P20410,rdaed:P20012,Published
has onscreen presenter collective agent,rdaed:onscreenPresenterCollectiveAgent.en,rdaed:P20429,property,rdac:C10006,rdae:P20429,rdaed:P20410,rdaed:P20013,Published
has dancer collective agent,rdaed:dancerCollectiveAgent.en,rdaed:P20430,property,rdac:C10006,rdae:P20430,rdaed:P20410,rdaed:P20014,Published
has host collective agent,rdaed:hostCollectiveAgent.en,rdaed:P20431,property,rdac:C10006,rdae:P20431,rdaed:P20410,rdaed:P20016,Published
has moderator collective agent,rdaed:moderatorCollectiveAgent.en,rdaed:P20432,property,rdac:C10006,rdae:P20432,rdaed:P20410,rdaed:P20017,Published
has puppeteer collective agent,rdaed:puppeteerCollectiveAgent.en,rdaed:P20433,property,rdac:C10006,rdae:P20433,rdaed:P20410,rdaed:P20018,Published
has panelist collective agent,rdaed:panelistCollectiveAgent.en,rdaed:P20434,property,rdac:C10006,rdae:P20434,rdaed:P20410,rdaed:P20019,Published
has instrumentalist collective agent,rdaed:instrumentalistCollectiveAgent.en,rdaed:P20435,property,rdac:C10006,rdae:P20435,rdaed:P20410,rdaed:P20020,Published
has commentator collective agent,rdaed:commentatorCollectiveAgent.en,rdaed:P20436,property,rdac:C10006,rdae:P20436,rdaed:P20410,rdaed:P20021,Published
has narrator collective agent,rdaed:narratorCollectiveAgent.en,rdaed:P20437,property,rdac:C10006,rdae:P20437,rdaed:P20410,rdaed:P20022,Published
has storyteller collective agent,rdaed:storytellerCollectiveAgent.en,rdaed:P20438,property,rdac:C10006,rdae:P20438,rdaed:P20410,rdaed:P20023,Published
has speaker collective agent,rdaed:speakerCollectiveAgent.en,rdaed:P20439,property,rdac:C10006,rdae:P20439,rdaed:P20410,rdaed:P20024,Published
has instructor collective agent,rdaed:instructorCollectiveAgent.en,rdaed:P20440,property,rdac:C10006,rdae:P20440,rdaed:P20410,rdaed:P20015,Published
has singer collective agent,rdaed:singerCollectiveAgent.en,rdaed:P20441,property,rdac:C10006,rdae:P20441,rdaed:P20410,rdaed:P20025,Published
has conductor collective agent,rdaed:conductorCollectiveAgent.en,rdaed:P20442,property,rdac:C10006,rdae:P20442,rdaed:P20410,rdaed:P20011,Published
has voice actor collective agent,rdaed:voiceActorCollectiveAgent.en,rdaed:P20443,property,rdac:C10006,rdae:P20443,rdaed:P20428,rdaed:P20070,Published
has mixing engineer collective agent,rdaed:mixingEngineerCollectiveAgent.en,rdaed:P20444,property,rdac:C10006,rdae:P20444,rdaed:P20407,rdaed:P20293,Published
has recording engineer collective agent,rdaed:recordingEngineerCollectiveAgent.en,rdaed:P20445,property,rdac:C10006,rdae:P20445,rdaed:P20407,rdaed:P20050,Published
has letterer collective agent,rdaed:lettererCollectiveAgent.en,rdaed:P20446,property,rdac:C10006,rdae:P20446,rdaed:P20426,rdaed:P20259,Published
has presenter collective agent,rdaed:presenterCollectiveAgent.en,rdaed:P20447,property,rdac:C10006,rdae:P20447,rdaed:P20410,rdaed:P20054,Published
has creator collective agent of expression,rdaed:creatorCollectiveAgentOfExpression.en,rdaed:P20448,property,rdac:C10006,rdae:P20448,rdaed:P20305,rdaed:P20053,Published
has editor collective agent of moving image work,rdaed:editorCollectiveAgentOfMovingImageWork.en,rdaed:P20449,property,rdac:C10006,rdae:P20449,rdaed:P20425,rdaed:P20055,Published
has production designer collective agent,rdaed:productionDesignerCollectiveAgent.en,rdaed:P20450,property,rdac:C10006,rdae:P20450,rdaed:P20425,rdaed:P20056,Published
has minute taker collective agent,rdaed:minuteTakerCollectiveAgent.en,rdaed:P20451,property,rdac:C10006,rdae:P20451,rdaed:P20426,rdaed:P20058,Published
has dubbing director collective agent,rdaed:dubbingDirectorCollectiveAgent.en,rdaed:P20452,property,rdac:C10006,rdae:P20452,rdaed:P20425,rdaed:P20295,Published
has animator collective agent,rdaed:animatorCollectiveAgent.en,rdaed:P20453,property,rdac:C10006,rdae:P20453,rdaed:P20425,rdaed:P20028,Published
has choral conductor corporate body,rdaed:choralConductorCorporateBody.en,rdaed:P20454,property,rdac:C10006,rdae:P20454,rdaed:P20501,rdaed:P20395,Published
has interviewer corporate body of expression,rdaa:interviewerCorporateBodyOfExpression.en,rdaed:P20455,property,rdac:C10006,rdae:P20455,rdaed:P20484,rdaed:P20396,Published
has editor corporate body of text,rdaed:editorCorporateBodyOfText.en,rdaed:P20456,property,rdac:C10006,rdae:P20456,rdaed:P20485,rdaed:P20397,Published
has draftsman corporate body,rdaed:draftsmanCorporateBody.en,rdaed:P20457,property,rdac:C10006,rdae:P20457,rdaed:P20485,rdaed:P20398,Published
has colourist corporate body,rdaed:colouristCorporateBody.en,rdaed:P20458,property,rdac:C10006,rdae:P20458,rdaed:P20485,rdaed:P20399,Published
has makeup artist corporate body,rdaed:makeupArtistCorporateBody.en,rdaed:P20459,property,rdac:C10006,rdae:P20459,rdaed:P20484,rdaed:P20400,Published
has musical director corporate body,rdaed:musicalDirectorCorporateBody.en,rdaed:P20460,property,rdac:C10006,rdae:P20460,rdaed:P20484,rdaed:P20401,Published
has sound designer corporate body,rdaed:soundDesignerCorporateBody.en,rdaed:P20461,property,rdac:C10006,rdae:P20461,rdaed:P20484,rdaed:P20402,Published
has lighting designer corporate body,rdaed:lightingDesignerCorporateBody.en,rdaed:P20462,property,rdac:C10006,rdae:P20462,rdaed:P20484,rdaed:P20403,Published
has costume designer corporate body,rdaed:costumeDesignerCorporateBody.en,rdaed:P20463,property,rdac:C10006,rdae:P20463,rdaed:P20484,rdaed:P20404,Published
has translator corporate body,rdaed:translatorCorporateBody.en,rdaed:P20464,property,rdac:C10006,rdae:P20464,rdaed:P20507,rdaed:P20405,Published
has reviser corporate body,rdaed:reviserCorporateBody.en,rdaed:P20465,property,rdac:C10006,rdae:P20465,rdaed:P20507,rdaed:P20406,Published
has audio engineer corporate body,rdaed:audioEngineerCorporateBody.en,rdaed:P20466,property,rdac:C10006,rdae:P20466,rdaed:P20484,rdaed:P20407,Published
has DJ corporate body,rdaed:djCorporateBody.en,rdaed:P20467,property,rdac:C10006,rdae:P20467,rdaed:P20484,rdaed:P20408,Published
has art director corporate body,rdaed:artDirectorCorporateBody.en,rdaed:P20468,property,rdac:C10006,rdae:P20468,rdaed:P20484,rdaed:P20409,Published
has performer corporate body,rdaed:performerCorporateBody.en,rdaed:P20469,property,rdac:C10006,rdae:P20469,rdaed:P20484,rdaed:P20410,Published
has court reporter corporate body,rdaed:courtReporterCorporateBody.en,rdaed:P20470,property,rdac:C10006,rdae:P20470,rdaed:P20485,rdaed:P20411,Published
has software developer corporate body,rdaed:softwareDeveloperCorporateBody.en,rdaed:P20471,property,rdac:C10006,rdae:P20471,rdaed:P20485,rdaed:P20412,Published
has interviewee corporate body of expression,rdaa:intervieweeCorporateBodyOfExpression.en,rdaed:P20472,property,rdac:C10006,rdae:P20472,rdaed:P20484,rdaed:P20413,Published
has restorationist corporate body of expression,rdaed:restorationistCorporateBodyOfExpression.en,rdaed:P20473,property,rdac:C10006,rdae:P20473,rdaed:P20465,rdaed:P20414,Published
has censor corporate body,rdaed:censorCorporateBody.en,rdaed:P20474,property,rdac:C10006,rdae:P20474,rdaed:P20465,rdaed:P20415,Published
has abridger corporate body,rdaed:abridgerCorporateBody.en,rdaed:P20475,property,rdac:C10006,rdae:P20475,rdaed:P20465,rdaed:P20416,Published
has recordist corporate body,rdaed:recordistCorporateBody.en,rdaed:P20476,property,rdac:C10006,rdae:P20476,rdaed:P20484,rdaed:P20417,Published
has transcriber corporate body,rdaed:transcriberCorporateBody.en,rdaed:P20477,property,rdac:C10006,rdae:P20477,rdaed:P20465,rdaed:P20418,Published
has special effects provider corporate body,rdaed:specialEffectsProviderCorporateBody.en,rdaed:P20478,property,rdac:C10006,rdae:P20478,rdaed:P20484,rdaed:P20419,Published
has visual effects provider corporate body,rdaed:visualEffectsProviderCorporateBody.en,rdaed:P20479,property,rdac:C10006,rdae:P20479,rdaed:P20484,rdaed:P20420,Published
has music programmer corporate body,rdaed:musicProgrammerCorporateBody.en,rdaed:P20480,property,rdac:C10006,rdae:P20480,rdaed:P20484,rdaed:P20421,Published
has onscreen participant corporate body,rdaed:onscreenParticipantCorporateBody.en,rdaed:P20481,property,rdac:C10006,rdae:P20481,rdaed:P20484,rdaed:P20422,Published
has stage director corporate body,rdaed:stageDirectorCorporateBody.en,rdaed:P20482,property,rdac:C10006,rdae:P20482,rdaed:P20484,rdaed:P20423,Published
has arranger corporate body of music,rdaed:arrangerCorporateBodyOfMusic.en,rdaed:P20483,property,rdac:C10006,rdae:P20483,rdaed:P20465,rdaed:P20424,Published
has contributor corporate body to performance,rdaed:contributorCorporateBodyToPerformance.en,rdaed:P20484,property,rdac:C10006,rdae:P20484,rdaed:P20485,rdaed:P20425,Published
has contributor corporate body to amalgamation,rdaed:contributorCorporateBodyToAmalgamation.en,rdaed:P20485,property,rdac:C10006,rdae:P20485,rdaed:P20507,rdaed:P20426,Published
has instrumental conductor corporate body,rdaed:instrumentalConductorCorporateBody.en,rdaed:P20486,property,rdac:C10006,rdae:P20486,rdaed:P20501,rdaed:P20427,Published
has actor corporate body,rdaed:actorCorporateBody.en,rdaed:P20487,property,rdac:C10006,rdae:P20487,rdaed:P20469,rdaed:P20428,Published
has onscreen presenter corporate body,rdaed:onscreenPresenterCorporateBody.en,rdaed:P20488,property,rdac:C10006,rdae:P20488,rdaed:P20469,rdaed:P20429,Published
has dancer corporate body,rdaed:dancerCorporateBody.en,rdaed:P20489,property,rdac:C10006,rdae:P20489,rdaed:P20469,rdaed:P20430,Published
has host corporate body,rdaed:hostCorporateBody.en,rdaed:P20490,property,rdac:C10006,rdae:P20490,rdaed:P20469,rdaed:P20431,Published
has moderator corporate body,rdaed:moderatorCorporateBody.en,rdaed:P20491,property,rdac:C10006,rdae:P20491,rdaed:P20469,rdaed:P20432,Published
has puppeteer corporate body,rdaed:puppeteerCorporateBody.en,rdaed:P20492,property,rdac:C10006,rdae:P20492,rdaed:P20469,rdaed:P20433,Published
has panelist corporate body,rdaed:panelistCorporateBody.en,rdaed:P20493,property,rdac:C10006,rdae:P20493,rdaed:P20469,rdaed:P20434,Published
has instrumentalist corporate body,rdaed:instrumentalistCorporateBody.en,rdaed:P20494,property,rdac:C10006,rdae:P20494,rdaed:P20469,rdaed:P20435,Published
has commentator corporate body,rdaed:commentatorCorporateBody.en,rdaed:P20495,property,rdac:C10006,rdae:P20495,rdaed:P20469,rdaed:P20436,Published
has narrator corporate body,rdaed:narratorCorporateBody.en,rdaed:P20496,property,rdac:C10006,rdae:P20496,rdaed:P20469,rdaed:P20437,Published
has storyteller corporate body,rdaed:storytellerCorporateBody.en,rdaed:P20497,property,rdac:C10006,rdae:P20497,rdaed:P20469,rdaed:P20438,Published
has speaker corporate body,rdaed:speakerCorporateBody.en,rdaed:P20498,property,rdac:C10006,rdae:P20498,rdaed:P20469,rdaed:P20439,Published
has instructor corporate body,rdaed:instructorCorporateBody.en,rdaed:P20499,property,rdac:C10006,rdae:P20499,rdaed:P20469,rdaed:P20440,Published
has singer corporate body,rdaed:singerCorporateBody.en,rdaed:P20500,property,rdac:C10006,rdae:P20500,rdaed:P20469,rdaed:P20441,Published
has conductor corporate body,rdaed:conductorCorporateBody.en,rdaed:P20501,property,rdac:C10006,rdae:P20501,rdaed:P20469,rdaed:P20442,Published
has voice actor corporate body,rdaed:voiceActorCorporateBody.en,rdaed:P20502,property,rdac:C10006,rdae:P20502,rdaed:P20487,rdaed:P20443,Published
has mixing engineer corporate body,rdaed:mixingEngineerCorporateBody.en,rdaed:P20503,property,rdac:C10006,rdae:P20503,rdaed:P20466,rdaed:P20444,Published
has recording engineer corporate body,rdaed:recordingEngineerCorporateBody.en,rdaed:P20504,property,rdac:C10006,rdae:P20504,rdaed:P20466,rdaed:P20445,Published
has letterer corporate body,rdaed:lettererCorporateBody.en,rdaed:P20505,property,rdac:C10006,rdae:P20505,rdaed:P20485,rdaed:P20446,Published
has presenter corporate body,rdaed:presenterCorporateBody.en,rdaed:P20506,property,rdac:C10006,rdae:P20506,rdaed:P20469,rdaed:P20447,Published
has creator corporate body of expression,rdaed:creatorCorporateBodyOfExpression.en,rdaed:P20507,property,rdac:C10006,rdae:P20507,rdaed:P20304,rdaed:P20448,Published
has editor corporate body of moving image work,rdaed:editorCorporateBodyOfMovingImageWork.en,rdaed:P20508,property,rdac:C10006,rdae:P20508,rdaed:P20484,rdaed:P20449,Published
has production designer corporate body,rdaed:productionDesignerCorporateBody.en,rdaed:P20509,property,rdac:C10006,rdae:P20509,rdaed:P20484,rdaed:P20450,Published
has minute taker corporate body,rdaed:minuteTakerCorporateBody.en,rdaed:P20510,property,rdac:C10006,rdae:P20510,rdaed:P20485,rdaed:P20451,Published
has dubbing director corporate body,rdaed:dubbingDirectorCorporateBody.en,rdaed:P20511,property,rdac:C10006,rdae:P20511,rdaed:P20484,rdaed:P20452,Published
has animator corporate body,rdaed:animatorCorporateBody.en,rdaed:P20512,property,rdac:C10006,rdae:P20512,rdaed:P20484,rdaed:P20453,Published
has choral conductor family,rdaed:choralConductorFamily.en,rdaed:P20513,property,rdac:C10006,rdae:P20513,rdaed:P20560,rdaed:P20395,Published
has interviewer family of expression,rdaa:interviewerFamilyOfExpression.en,rdaed:P20514,property,rdac:C10006,rdae:P20514,rdaed:P20543,rdaed:P20396,Published
has editor family of text,rdaed:editorFamilyOfText.en,rdaed:P20515,property,rdac:C10006,rdae:P20515,rdaed:P20544,rdaed:P20397,Published
has draftsman family,rdaed:draftsmanFamily.en,rdaed:P20516,property,rdac:C10006,rdae:P20516,rdaed:P20544,rdaed:P20398,Published
has colourist family,rdaed:colouristFamily.en,rdaed:P20517,property,rdac:C10006,rdae:P20517,rdaed:P20544,rdaed:P20399,Published
has makeup artist family,rdaed:makeupArtistFamily.en,rdaed:P20518,property,rdac:C10006,rdae:P20518,rdaed:P20543,rdaed:P20400,Published
has musical director family,rdaed:musicalDirectorFamily.en,rdaed:P20519,property,rdac:C10006,rdae:P20519,rdaed:P20543,rdaed:P20401,Published
has sound designer family,rdaed:soundDesignerFamily.en,rdaed:P20520,property,rdac:C10006,rdae:P20520,rdaed:P20543,rdaed:P20402,Published
has lighting designer family,rdaed:lightingDesignerFamily.en,rdaed:P20521,property,rdac:C10006,rdae:P20521,rdaed:P20543,rdaed:P20403,Published
has costume designer family,rdaed:costumeDesignerFamily.en,rdaed:P20522,property,rdac:C10006,rdae:P20522,rdaed:P20543,rdaed:P20404,Published
has translator family,rdaed:translatorFamily.en,rdaed:P20523,property,rdac:C10006,rdae:P20523,rdaed:P20566,rdaed:P20405,Published
has reviser family,rdaed:reviserFamily.en,rdaed:P20524,property,rdac:C10006,rdae:P20524,rdaed:P20566,rdaed:P20406,Published
has audio engineer family,rdaed:audioEngineerFamily.en,rdaed:P20525,property,rdac:C10006,rdae:P20525,rdaed:P20543,rdaed:P20407,Published
has DJ family,rdaed:djFamily.en,rdaed:P20526,property,rdac:C10006,rdae:P20526,rdaed:P20543,rdaed:P20408,Published
has art director family,rdaed:artDirectorFamily.en,rdaed:P20527,property,rdac:C10006,rdae:P20527,rdaed:P20543,rdaed:P20409,Published
has performer family,rdaed:performerFamily.en,rdaed:P20528,property,rdac:C10006,rdae:P20528,rdaed:P20543,rdaed:P20410,Published
has court reporter family,rdaed:courtReporterFamily.en,rdaed:P20529,property,rdac:C10006,rdae:P20529,rdaed:P20544,rdaed:P20411,Published
has software developer family,rdaed:softwareDeveloperFamily.en,rdaed:P20530,property,rdac:C10006,rdae:P20530,rdaed:P20544,rdaed:P20412,Published
has interviewee family of expression,rdaa:intervieweeFamilyOfExpression.en,rdaed:P20531,property,rdac:C10006,rdae:P20531,rdaed:P20543,rdaed:P20413,Published
has restorationist family of expression,rdaed:restorationistFamilyOfExpression.en,rdaed:P20532,property,rdac:C10006,rdae:P20532,rdaed:P20524,rdaed:P20414,Published
has censor family,rdaed:censorFamily.en,rdaed:P20533,property,rdac:C10006,rdae:P20533,rdaed:P20524,rdaed:P20415,Published
has abridger family,rdaed:abridgerFamily.en,rdaed:P20534,property,rdac:C10006,rdae:P20534,rdaed:P20524,rdaed:P20416,Published
has recordist family,rdaed:recordistFamily.en,rdaed:P20535,property,rdac:C10006,rdae:P20535,rdaed:P20543,rdaed:P20417,Published
has transcriber family,rdaed:transcriberFamily.en,rdaed:P20536,property,rdac:C10006,rdae:P20536,rdaed:P20524,rdaed:P20418,Published
has special effects provider family,rdaed:specialEffectsProviderFamily.en,rdaed:P20537,property,rdac:C10006,rdae:P20537,rdaed:P20543,rdaed:P20419,Published
has visual effects provider family,rdaed:visualEffectsProviderFamily.en,rdaed:P20538,property,rdac:C10006,rdae:P20538,rdaed:P20543,rdaed:P20420,Published
has music programmer family,rdaed:musicProgrammerFamily.en,rdaed:P20539,property,rdac:C10006,rdae:P20539,rdaed:P20543,rdaed:P20421,Published
has onscreen participant family,rdaed:onscreenParticipantFamily.en,rdaed:P20540,property,rdac:C10006,rdae:P20540,rdaed:P20543,rdaed:P20422,Published
has stage director family,rdaed:stageDirectorFamily.en,rdaed:P20541,property,rdac:C10006,rdae:P20541,rdaed:P20543,rdaed:P20423,Published
has arranger family of music,rdaed:arrangerFamilyOfMusic.en,rdaed:P20542,property,rdac:C10006,rdae:P20542,rdaed:P20524,rdaed:P20424,Published
has contributor family to performance,rdaed:contributorFamilyToPerformance.en,rdaed:P20543,property,rdac:C10006,rdae:P20543,rdaed:P20544,rdaed:P20425,Published
has contributor family to amalgamation,rdaed:contributorFamilyToAmalgamation.en,rdaed:P20544,property,rdac:C10006,rdae:P20544,rdaed:P20566,rdaed:P20426,Published
has instrumental conductor family,rdaed:instrumentalConductorFamily.en,rdaed:P20545,property,rdac:C10006,rdae:P20545,rdaed:P20560,rdaed:P20427,Published
has actor family,rdaed:actorFamily.en,rdaed:P20546,property,rdac:C10006,rdae:P20546,rdaed:P20528,rdaed:P20428,Published
has onscreen presenter family,rdaed:onscreenPresenterFamily.en,rdaed:P20547,property,rdac:C10006,rdae:P20547,rdaed:P20528,rdaed:P20429,Published
has dancer family,rdaed:dancerFamily.en,rdaed:P20548,property,rdac:C10006,rdae:P20548,rdaed:P20528,rdaed:P20430,Published
has host family,rdaed:hostFamily.en,rdaed:P20549,property,rdac:C10006,rdae:P20549,rdaed:P20528,rdaed:P20431,Published
has moderator family,rdaed:moderatorFamily.en,rdaed:P20550,property,rdac:C10006,rdae:P20550,rdaed:P20528,rdaed:P20432,Published
has puppeteer family,rdaed:puppeteerFamily.en,rdaed:P20551,property,rdac:C10006,rdae:P20551,rdaed:P20528,rdaed:P20433,Published
has panelist family,rdaed:panelistFamily.en,rdaed:P20552,property,rdac:C10006,rdae:P20552,rdaed:P20528,rdaed:P20434,Published
has instrumentalist family,rdaed:instrumentalistFamily.en,rdaed:P20553,property,rdac:C10006,rdae:P20553,rdaed:P20528,rdaed:P20435,Published
has commentator family,rdaed:commentatorFamily.en,rdaed:P20554,property,rdac:C10006,rdae:P20554,rdaed:P20528,rdaed:P20436,Published
has narrator family,rdaed:narratorFamily.en,rdaed:P20555,property,rdac:C10006,rdae:P20555,rdaed:P20528,rdaed:P20437,Published
has storyteller family,rdaed:storytellerFamily.en,rdaed:P20556,property,rdac:C10006,rdae:P20556,rdaed:P20528,rdaed:P20438,Published
has speaker family,rdaed:speakerFamily.en,rdaed:P20557,property,rdac:C10006,rdae:P20557,rdaed:P20528,rdaed:P20439,Published
has instructor family,rdaed:instructorFamily.en,rdaed:P20558,property,rdac:C10006,rdae:P20558,rdaed:P20528,rdaed:P20440,Published
has singer family,rdaed:singerFamily.en,rdaed:P20559,property,rdac:C10006,rdae:P20559,rdaed:P20528,rdaed:P20441,Published
has conductor family,rdaed:conductorFamily.en,rdaed:P20560,property,rdac:C10006,rdae:P20560,rdaed:P20528,rdaed:P20442,Published
has voice actor family,rdaed:voiceActorFamily.en,rdaed:P20561,property,rdac:C10006,rdae:P20561,rdaed:P20546,rdaed:P20443,Published
has mixing engineer family,rdaed:mixingEngineerFamily.en,rdaed:P20562,property,rdac:C10006,rdae:P20562,rdaed:P20525,rdaed:P20444,Published
has recording engineer family,rdaed:recordingEngineerFamily.en,rdaed:P20563,property,rdac:C10006,rdae:P20563,rdaed:P20525,rdaed:P20445,Published
has letterer family,rdaed:lettererFamily.en,rdaed:P20564,property,rdac:C10006,rdae:P20564,rdaed:P20544,rdaed:P20446,Published
has presenter family,rdaed:presenterFamily.en,rdaed:P20565,property,rdac:C10006,rdae:P20565,rdaed:P20528,rdaed:P20447,Published
has creator family of expression,rdaed:creatorFamilyOfExpression.en,rdaed:P20566,property,rdac:C10006,rdae:P20566,rdaed:P20303,rdaed:P20448,Published
has editor family of moving image work,rdaed:editorFamilyOfMovingImageWork.en,rdaed:P20567,property,rdac:C10006,rdae:P20567,rdaed:P20543,rdaed:P20449,Published
has production designer family,rdaed:productionDesignerFamily.en,rdaed:P20568,property,rdac:C10006,rdae:P20568,rdaed:P20543,rdaed:P20450,Published
has minute taker family,rdaed:minuteTakerFamily.en,rdaed:P20569,property,rdac:C10006,rdae:P20569,rdaed:P20544,rdaed:P20451,Published
has dubbing director family,rdaed:dubbingDirectorFamily.en,rdaed:P20570,property,rdac:C10006,rdae:P20570,rdaed:P20543,rdaed:P20452,Published
has animator family,rdaed:animatorFamily.en,rdaed:P20571,property,rdac:C10006,rdae:P20571,rdaed:P20543,rdaed:P20453,Published
has designation of version,rdaed:designationOfVersion.en,rdaed:P20572,property,rdac:C10006,rdae:P20572,,,Published
has colour,rdaed:colour.en,rdaed:P20573,property,rdac:C10006,rdae:P20573,,,Published
