*label_en,lexicalAlias_en,description[0]_en,note[0]_en,altLabel[0]_en,altLabel[1]_en,ToolkitLabel_en,ToolkitDefinition_en,*uri,*type,domain,hasUnconstrained,subPropertyOf[0],subPropertyOf[1],sameAs[0],*status,instructionNumber,has element type
has note on item,rdai:noteOnItem.en,Relates an item to a broad unstructured description of one or more attributes of an item.,,,,note on item,A broad unstructured description of one or more attributes of an item.,rdai:P40028,property,rdac:C10003,rdau:P60470,rdax:P00015,,,Published,2.21,6
has dedicatee collective agent of item,rdai:dedicateeCollectiveAgentOfItem.en,Relates an item to a collective agent to whom an item is dedicated.,,,,dedicatee collective agent of item,A collective agent to whom an item is dedicated.,rdai:P40113,property,rdac:C10003,rdau:P60455,rdai:P40076,rdai:P40025,,Published,,2
has binder collective agent,rdai:binderCollectiveAgent.en,Relates an item to a collective agent who binds an item.,,,,binder collective agent,A collective agent who binds an item.,rdai:P40114,property,rdac:C10003,rdau:P60458,rdai:P40128,rdai:P40013,,Published,,2
has curator collective agent,rdai:curatorCollectiveAgent.en,Relates an item to a collective agent who conceives or manages the aggregation of an item in an exhibition or collection.,,,,curator collective agent,A collective agent who conceives or manages the aggregation of an item in an exhibition or collection.,rdai:P40115,property,rdac:C10003,rdau:P60376,rdai:P40076,rdai:P40017,,Published,,2
has illuminator collective agent,rdai:illuminatorCollectiveAgent.en,"Relates an item to a collective agent who decorates a specific item using precious metals or colour, often with elaborate designs and motifs.",,,,illuminator collective agent,"A collective agent who decorates a specific item using precious metals or colour, often with elaborate designs and motifs.",rdai:P40116,property,rdac:C10003,rdau:P60421,rdai:P40128,rdai:P40012,,Published,,2
has current owner collective agent,rdai:currentOwnerCollectiveAgent.en,Relates an item to a collective agent who has current legal possession of an item.,,,,current owner collective agent,A collective agent who has current legal possession of an item.,rdai:P40117,property,rdac:C10003,rdau:P60400,rdai:P40120,rdai:P40018,,Published,,2
has owner collective agent,rdai:ownerCollectiveAgent.en,Relates an item to a collective agent who has current or former legal possession of an item.,,,,owner collective agent,A collective agent who has current or former legal possession of an item.,rdai:P40120,property,rdac:C10003,rdau:P60404,rdai:P40076,rdai:P40021,,Published,,2
has former owner collective agent,rdai:formerOwnerCollectiveAgent.en,Relates an item to a collective agent who has former legal possession of an item.,,,,former owner collective agent,A collective agent who has former legal possession of an item.,rdai:P40118,property,rdac:C10003,rdau:P60401,rdai:P40120,rdai:P40019,,Published,,2
has custodian collective agent,rdai:custodianCollectiveAgent.en,Relates an item to a collective agent who has legal custody of an item.,,,,custodian collective agent,A collective agent who has legal custody of an item.,rdai:P40119,property,rdac:C10003,rdau:P60402,rdai:P40076,rdai:P40020,,Published,,2
has collector collective agent,rdai:collectorCollectiveAgent.en,"Relates an item to a collective agent who is a curator who brings together items from various sources that are arranged, described, or catalogued as a collection.",,,,collector collective agent,"A collective agent who is a curator who brings together items from various sources that are arranged, described, or catalogued as a collection.",rdai:P40121,property,rdac:C10003,rdau:P60066,rdai:P40115,rdai:P40004,,Published,,2
has collection registrar collective agent,rdai:collectionRegistrarCollectiveAgent.en,Relates an item to a collective agent who is a curator who lists or inventories items in a collection aggregate.,,,,collection registrar collective agent,A collective agent who is a curator who lists or inventories items in a collection aggregate.,rdai:P40122,property,rdac:C10003,rdau:P60067,rdai:P40115,rdai:P40005,,Published,,2
has depositor collective agent,rdai:depositorCollectiveAgent.en,Relates an item to a collective agent who is a current owner of an item who deposits the item into the custody of another agent without transferring ownership.,,,,depositor collective agent,A collective agent who is a current owner of an item who deposits the item into the custody of another agent without transferring ownership.,rdai:P40123,property,rdac:C10003,rdau:P60068,rdai:P40117,rdai:P40006,,Published,,2
has donor collective agent,rdai:donorCollectiveAgent.en,Relates an item to a collective agent who is a former owner of an item who donates the item to another owner.,,,,donor collective agent,A collective agent who is a former owner of an item who donates the item to another owner.,rdai:P40124,property,rdac:C10003,rdau:P60091,rdai:P40118,rdai:P40007,,Published,,2
has seller collective agent,rdai:sellerCollectiveAgent.en,Relates an item to a collective agent who is a former owner of an item who sells the item to another owner.,,,,seller collective agent,A collective agent who is a former owner of an item who sells the item to another owner.,rdai:P40125,property,rdac:C10003,rdau:P60092,rdai:P40118,rdai:P40008,,Published,,2
has related collective agent of item,rdai:relatedCollectiveAgentOfItem.en,Relates an item to a collective agent who is associated with an item.,,,,related collective agent of item,A collective agent who is associated with an item.,rdai:P40076,property,rdac:C10003,rdau:P61008,rdai:P40072,rdax:P00012,,Published,,1
has honouree collective agent of item,rdai:honoureeCollectiveAgentOfItem.en,Relates an item to a collective agent who is honoured by an item.,,,,honouree collective agent of item,A collective agent who is honoured by an item.,rdai:P40126,property,rdac:C10003,rdau:P60406,rdai:P40076,rdai:P40022,,Published,,2
has restorationist collective agent of item,rdai:restorationistCollectiveAgentOfItem.en,"Relates an item to a collective agent who is responsible for the set of technical, editorial, and intellectual procedures aimed at compensating for the degradation of an item by bringing it back to a state as close as possible to its original condition.",,,,restorationist collective agent of item,"A collective agent who is responsible for the set of technical, editorial, and intellectual procedures aimed at compensating for the degradation of an item by bringing it back to a state as close as possible to its original condition.",rdai:P40127,property,rdac:C10003,rdau:P60450,rdai:P40128,rdai:P40024,,Published,,2
has modifier collective agent,rdai:modifierCollectiveAgent.en,Relates an item to a collective agent that makes changes to an item without creating a new manifestation.,,,,modifier collective agent,A collective agent who makes changes to an item without creating a new manifestation.,rdai:P40128,property,rdac:C10003,rdau:P61031,rdai:P40076,rdai:P40093,,Published,,2
has dedicatee corporate body of item,rdai:dedicateeCorporateBodyOfItem.en,Relates an item to a corporate body to whom an item is dedicated.,,,,dedicatee corporate body of item,A corporate body to whom an item is dedicated.,rdai:P40129,property,rdac:C10003,rdau:P60455,rdai:P40075,rdai:P40113,,Published,,2
has binder corporate body,rdai:binderCorporateBody.en,Relates an item to a corporate body who binds an item.,,,,binder corporate body,A corporate body who binds an item.,rdai:P40130,property,rdac:C10003,rdau:P60458,rdai:P40144,rdai:P40114,,Published,,2
has curator corporate body,rdai:curatorCorporateBody.en,Relates an item to a corporate body who conceives or manages the aggregation of an item in an exhibition or collection.,,,,curator corporate body,A corporate body who conceives or manages the aggregation of an item in an exhibition or collection.,rdai:P40131,property,rdac:C10003,rdau:P60376,rdai:P40075,rdai:P40115,,Published,,2
has illuminator corporate body,rdai:illuminatorCorporateBody.en,"Relates an item to a corporate body who decorates a specific item using precious metals or colour, often with elaborate designs and motifs.",,,,illuminator corporate body,"A corporate body who decorates a specific item using precious metals or colour, often with elaborate designs and motifs.",rdai:P40132,property,rdac:C10003,rdau:P60421,rdai:P40144,rdai:P40116,,Published,,2
has current owner corporate body,rdai:currentOwnerCorporateBody.en,Relates an item to a corporate body who has current legal possession of an item.,,,,current owner corporate body,A corporate body who has current legal possession of an item.,rdai:P40133,property,rdac:C10003,rdau:P60400,rdai:P40136,rdai:P40117,,Published,,2
has owner corporate body,rdai:ownerCorporateBody.en,Relates an item to a corporate body who has current or former legal possession of an item.,,,,owner corporate body,A corporate body who has current or former legal possession of an item.,rdai:P40136,property,rdac:C10003,rdau:P60404,rdai:P40075,rdai:P40120,,Published,,2
has former owner corporate body,rdai:formerOwnerCorporateBody.en,Relates an item to a corporate body who has former legal possession of an item.,,,,former owner corporate body,A corporate body who has former legal possession of an item.,rdai:P40134,property,rdac:C10003,rdau:P60401,rdai:P40136,rdai:P40118,,Published,,2
has custodian corporate body,rdai:custodianCorporateBody.en,Relates an item to a corporate body who has legal custody of an item.,,,,custodian corporate body,A corporate body who has legal custody of an item.,rdai:P40135,property,rdac:C10003,rdau:P60402,rdai:P40075,rdai:P40119,,Published,,2
has collector corporate body,rdai:collectorCorporateBody.en,"Relates an item to a corporate body who is a curator who brings together items from various sources that are arranged, described, or catalogued as a collection.",,,,collector corporate body,"A corporate body who is a curator who brings together items from various sources that are arranged, described, or catalogued as a collection.",rdai:P40137,property,rdac:C10003,rdau:P60066,rdai:P40131,rdai:P40121,,Published,,2
has collection registrar corporate body,rdai:collectionRegistrarCorporateBody.en,Relates an item to a corporate body who is a curator who lists or inventories items in a collection aggregate.,,,,collection registrar corporate body,A corporate body who is a curator who lists or inventories items in a collection aggregate.,rdai:P40138,property,rdac:C10003,rdau:P60067,rdai:P40131,rdai:P40122,,Published,,2
has depositor corporate body,rdai:depositorCorporateBody.en,Relates an item to a corporate body who is a current owner of an item who deposits the item into the custody of another agent without transferring ownership.,,,,depositor corporate body,A corporate body who is a current owner of an item who deposits the item into the custody of another agent without transferring ownership.,rdai:P40139,property,rdac:C10003,rdau:P60068,rdai:P40133,rdai:P40123,,Published,,2
has donor corporate body,rdai:donorCorporateBody.en,Relates an item to a corporate body who is a former owner of an item who donates the item to another owner.,,,,donor corporate body,A corporate body who is a former owner of an item who donates the item to another owner.,rdai:P40140,property,rdac:C10003,rdau:P60091,rdai:P40134,rdai:P40124,,Published,,2
has seller corporate body,rdai:sellerCorporateBody.en,Relates an item to a corporate body who is a former owner of an item who sells the item to another owner.,,,,seller corporate body,A corporate body who is a former owner of an item who sells the item to another owner.,rdai:P40141,property,rdac:C10003,rdau:P60092,rdai:P40134,rdai:P40125,,Published,,2
has related corporate body of item,rdai:relatedCorporateBodyOfItem.en,Relates an item to a corporate body who is associated with an item.,,,,related corporate body of item,A corporate body who is associated with an item.,rdai:P40075,property,rdac:C10003,rdau:P61008,rdai:P40076,rdax:P00009,,Published,,1
has honouree corporate body of item,rdai:honoureeCorporateBodyOfItem.en,Relates an item to a corporate body who is honoured by an item.,,,,honouree corporate body of item,A corporate body who is honoured by an item.,rdai:P40142,property,rdac:C10003,rdau:P60406,rdai:P40075,rdai:P40126,,Published,,2
has restorationist corporate body of item,rdai:restorationistCorporateBodyOfItem.en,"Relates an item to a corporate body who is responsible for the set of technical, editorial, and intellectual procedures aimed at compensating for the degradation of an item by bringing it back to a state as close as possible to its original condition.",,,,restorationist corporate body of item,"A corporate body who is responsible for the set of technical, editorial, and intellectual procedures aimed at compensating for the degradation of an item by bringing it back to a state as close as possible to its original condition.",rdai:P40143,property,rdac:C10003,rdau:P60450,rdai:P40144,rdai:P40127,,Published,,2
has modifier corporate body,rdai:modifierCorporateBody.en,Relates an item to a corporate body that makes changes to an item without creating a new manifestation.,,,,modifier corporate body,A corporate body who makes changes to an item without creating a new manifestation.,rdai:P40144,property,rdac:C10003,rdau:P61031,rdai:P40075,rdai:P40128,,Published,,2
has dedicatee family of item,rdai:dedicateeFamilyOfItem.en,Relates an item to a family to whom an item is dedicated.,,,,dedicatee family of item,A family to whom an item is dedicated.,rdai:P40145,property,rdac:C10003,rdau:P60455,rdai:P40074,rdai:P40113,,Published,,2
has binder family,rdai:binderFamily.en,Relates an item to a family who binds an item.,,,,binder family,A family who binds an item.,rdai:P40146,property,rdac:C10003,rdau:P60458,rdai:P40160,rdai:P40114,,Published,,2
has curator family,rdai:curatorFamily.en,Relates an item to a family who conceives or manages the aggregation of an item in an exhibition or collection.,,,,curator family,A family who conceives or manages the aggregation of an item in an exhibition or collection.,rdai:P40147,property,rdac:C10003,rdau:P60376,rdai:P40074,rdai:P40115,,Published,,2
has illuminator family,rdai:illuminatorFamily.en,"Relates an item to a family who decorates a specific item using precious metals or colour, often with elaborate designs and motifs.",,,,illuminator family,"A family who decorates a specific item using precious metals or colour, often with elaborate designs and motifs.",rdai:P40148,property,rdac:C10003,rdau:P60421,rdai:P40160,rdai:P40116,,Published,,2
has current owner family,rdai:currentOwnerFamily.en,Relates an item to a family who has current legal possession of an item.,,,,current owner family,A family who has current legal possession of an item.,rdai:P40149,property,rdac:C10003,rdau:P60400,rdai:P40152,rdai:P40117,,Published,,2
has owner family,rdai:ownerFamily.en,Relates an item to a family who has current or former legal possession of an item.,,,,owner family,A family who has current or former legal possession of an item.,rdai:P40152,property,rdac:C10003,rdau:P60404,rdai:P40074,rdai:P40120,,Published,,2
has former owner family,rdai:formerOwnerFamily.en,Relates an item to a family who has former legal possession of an item.,,,,former owner family,A family who has former legal possession of an item.,rdai:P40150,property,rdac:C10003,rdau:P60401,rdai:P40152,rdai:P40118,,Published,,2
has custodian family,rdai:custodianFamily.en,Relates an item to a family who has legal custody of an item.,,,,custodian family,A family who has legal custody of an item.,rdai:P40151,property,rdac:C10003,rdau:P60402,rdai:P40074,rdai:P40119,,Published,,2
has collector family,rdai:collectorFamily.en,"Relates an item to a family who is a curator who brings together items from various sources that are arranged, described, or catalogued as a collection.",,,,collector family,"A family who is a curator who brings together items from various sources that are arranged, described, or catalogued as a collection.",rdai:P40153,property,rdac:C10003,rdau:P60066,rdai:P40147,rdai:P40121,,Published,,2
has collection registrar family,rdai:collectionRegistrarFamily.en,Relates an item to a family who is a curator who lists or inventories items in a collection aggregate.,,,,collection registrar family,A family who is a curator who lists or inventories items in a collection aggregate.,rdai:P40154,property,rdac:C10003,rdau:P60067,rdai:P40147,rdai:P40122,,Published,,2
has depositor family,rdai:depositorFamily.en,Relates an item to a family who is a current owner of an item who deposits the item into the custody of another agent without transferring ownership.,,,,depositor family,A family who is a current owner of an item who deposits the item into the custody of another agent without transferring ownership.,rdai:P40155,property,rdac:C10003,rdau:P60068,rdai:P40149,rdai:P40123,,Published,,2
has donor family,rdai:donorFamily.en,Relates an item to a family who is a former owner of an item who donates the item to another owner.,,,,donor family,A family who is a former owner of an item who donates the item to another owner.,rdai:P40156,property,rdac:C10003,rdau:P60091,rdai:P40150,rdai:P40124,,Published,,2
has seller family,rdai:sellerFamily.en,Relates an item to a family who is a former owner of an item who sells the item to another owner.,,,,seller family,A family who is a former owner of an item who sells the item to another owner.,rdai:P40157,property,rdac:C10003,rdau:P60092,rdai:P40150,rdai:P40125,,Published,,2
has related family of item,rdai:relatedFamilyOfItem.en,Relates an item to a family who is associated with an item.,,,,related family of item,A family who is associated with an item.,rdai:P40074,property,rdac:C10003,rdau:P61008,rdai:P40076,rdax:P00008,,Published,,1
has honouree family of item,rdai:honoureeFamilyOfItem.en,Relates an item to a family who is honoured by an item.,,,,honouree family of item,A family who is honoured by an item.,rdai:P40158,property,rdac:C10003,rdau:P60406,rdai:P40074,rdai:P40126,,Published,,2
has restorationist family of item,rdai:restorationistFamilyOfItem.en,"Relates an item to a family who is responsible for the set of technical, editorial, and intellectual procedures aimed at compensating for the degradation of an item by bringing it back to a state as close as possible to its original condition.",,,,restorationist family of item,"A family who is responsible for the set of technical, editorial, and intellectual procedures aimed at compensating for the degradation of an item by bringing it back to a state as close as possible to its original condition.",rdai:P40159,property,rdac:C10003,rdau:P60450,rdai:P40160,rdai:P40127,,Published,,2
has modifier family,rdai:modifierFamily.en,Relates an item to a family that makes changes to an item without creating a new manifestation.,,,,modifier family,A family who makes changes to an item without creating a new manifestation.,rdai:P40160,property,rdac:C10003,rdau:P61031,rdai:P40074,rdai:P40128,,Published,,2
is contained in item,rdai:containedInItem.en,Relates an item to an item that is a larger item of which an item is a discrete component.,,,,contained in item,An item that is a larger item of which an item is a discrete component.,rdai:P40009,property,rdac:C10003,rdau:P60101,rdai:P40046,,,Published,24.5,2
has restriction on access to item,rdai:restrictionOnAccessToItem.en,Relates an item to a limitation placed on access to an item.,,,,restriction on access to item,A limitation placed on access to an item.,rdai:P40047,property,rdac:C10003,rdau:P60496,,,,Published,4.4,6
has restriction on use of item,rdai:restrictionOnUseOfItem.en,"Relates an item to a limitation placed on reproduction, publication, exhibition, etc., of an item.",,,,restriction on use of item,"A limitation placed on reproduction, publication, exhibition, etc., of an item.",rdai:P40048,property,rdac:C10003,rdau:P60497,,,,Published,4.5,6
has electronic reproduction of item,rdai:electronicReproductionOfItem.en,Relates an item to a manifestation in a digital format that is the result of the transfer of an item in analog format.,,electronic reproduction (item),,electronic reproduction of item,A manifestation in a digital format that is the result of the transfer of an item in analog format.,rdai:P40088,property,rdac:C10003,rdau:P60083,rdai:P40092,,,Published,,2
has digital transfer of item,rdai:digitalTransferOfItem.en,Relates an item to a manifestation in a digital format that results from the transfer of an item in another digital format.,,digital transfer (item),,digital transfer of item,A manifestation in a digital format that results from the transfer of an item in another digital format.,rdai:P40087,property,rdac:C10003,rdau:P60200,rdai:P40092,,,Published,,2
has preservation facsimile of item,rdai:preservationFacsimileOfItem.en,"Relates an item to a manifestation that consists of an exact reproduction of an item on preservation-quality media, such as acid-free permanent or archival paper.",,preservation facsimile (item),,preservation facsimile of item,"A manifestation that consists of an exact reproduction of an item on preservation-quality media, such as acid-free permanent or archival paper.",rdai:P40090,property,rdac:C10003,rdau:P60179,rdai:P40089,,,Published,,2
has facsimile of item,rdai:facsimileOfItem.en,Relates an item to a manifestation that exactly reproduces an item that exemplifies another manifestation.,,facsimile (item),,facsimile of item,A manifestation that exactly reproduces an item that exemplifies another manifestation.,rdai:P40089,property,rdac:C10003,rdau:P60217,rdai:P40092,,,Published,,2
is reprinted as item,rdai:reprintedAsItem.en,Relates an item to a manifestation that is a reissue of an item that exemplifies another printed manifestation.,,,,reprinted as item,A manifestation that is a reissue of an item that exemplifies another printed manifestation.,rdai:P40091,property,rdac:C10003,rdau:P60271,rdai:P40092,,,Published,,2
has related manifestation of item,rdai:relatedManifestationOfItem.en,Relates an item to a manifestation that is associated with an item.,,,,related manifestation of item,A manifestation that is associated with an item.,rdai:P40071,property,rdac:C10003,rdau:P60313,rdai:P40068,rdax:P00004,,Published,,1
has manifestation exemplified,rdai:manifestationExemplified.en,Relates an item to a manifestation that is exemplified by an item.,,,,manifestation exemplified,A manifestation that is exemplified by an item.,rdai:P40049,property,rdac:C10003,,rdai:P40071,,,Published,17.12,3
is reproduced as item,rdai:reproducedAsItem.en,Relates an item to a manifestation that reproduces an item that exemplifies another manifestation.,,,,reproduced as item,A manifestation that reproduces an item that exemplifies another manifestation.,rdai:P40092,property,rdac:C10003,rdau:P60272,rdai:P40071,,,Published,,2
has modification of item,rdai:modificationOfItem.en,Relates an item to a modification that is specific to an item and is assumed not to apply to other items exemplifying the same manifestation.,,note on item-specific carrier characteristic,,modification of item,A modification that is specific to an item and is assumed not to apply to other items exemplifying the same manifestation.,rdai:P40003,property,rdac:C10003,rdau:P60056,rdai:P40028,,,Published,3.22,6
has related nomen of item,rdai:relatedNomenOfItem.en,Relates an item to a nomen that is associated with an item.,,,,related nomen of item,A nomen that is associated with an item.,rdai:P40079,property,rdac:C10003,rdau:P61023,rdai:P40068,rdax:P00013,,Published,,1
has appellation of item,rdai:appellationOfItem.en,Relates an item to a nomen that is used within a given scheme or context to refer to an item.,,,,appellation of item,A nomen that is used within a given scheme or context to refer to an item.,rdai:P40081,property,rdac:C10003,rdau:P60909,rdai:P40079,rdax:P00017,,Published,,3
has note on dimensions of item,rdai:noteOnDimensionsOfItem.en,Relates an item to a note on item that provides information on the dimensions of an item.,,,,note on dimensions of item,A note on item that provides information on the dimensions of an item.,rdai:P40010,property,rdac:C10003,rdau:P60133,rdai:P40028,,,Published,3.22.3,6
has note on extent of item,rdai:noteOnExtentOfItem.en,Relates an item to a note on item that provides information on the extent of an item.,,,,note on extent of item,A note on item that provides information on the extent of an item.,rdai:P40011,property,rdac:C10003,rdau:P60134,rdai:P40028,,,Published,3.22.2,6
has dedicatee person of item,rdai:dedicateePersonOfItem.en,Relates an item to a person to whom an item is dedicated.,,,,dedicatee person of item,A person to whom an item is dedicated.,rdai:P40097,property,rdac:C10003,rdau:P60455,rdai:P40073,rdai:P40025,,Published,,2
has annotator,rdai:annotator.en,Relates an item to a person who adds notes and other information to an item by hand.,,,,annotator,A person who adds notes and other information to an item by hand.,rdai:P40015,property,rdac:C10003,rdau:P60464,rdai:P40112,,,Published,18.5,2
has binder person,rdai:binderPerson.en,Relates an item to a person who binds an item.,,,,binder person,A person who binds an item.,rdai:P40098,property,rdac:C10003,rdau:P60458,rdai:P40112,rdai:P40013,,Published,,2
has curator person,rdai:curatorPerson.en,Relates an item to a person who conceives or manages the aggregation of an item in an exhibition or collection.,,,,curator person,A person who conceives or manages the aggregation of an item in an exhibition or collection.,rdai:P40099,property,rdac:C10003,rdau:P60376,rdai:P40073,rdai:P40017,,Published,,2
has illuminator person,rdai:illuminatorPerson.en,"Relates an item to a person who decorates a specific item using precious metals or colour, often with elaborate designs and motifs.",,,,illuminator person,"A person who decorates a specific item using precious metals or colour, often with elaborate designs and motifs.",rdai:P40100,property,rdac:C10003,rdau:P60421,rdai:P40112,rdai:P40012,,Published,,2
has current owner person,rdai:currentOwnerPerson.en,Relates an item to a person who has current legal possession of an item.,,,,current owner person,A person who has current legal possession of an item.,rdai:P40101,property,rdac:C10003,rdau:P60400,rdai:P40104,rdai:P40018,,Published,,2
has owner person,rdai:ownerPerson.en,Relates an item to a person who has current or former legal possession of an item.,,,,owner person,A person who has current or former legal possession of an item.,rdai:P40104,property,rdac:C10003,rdau:P60404,rdai:P40073,rdai:P40021,,Published,,2
has former owner person,rdai:formerOwnerPerson.en,Relates an item to a person who has former legal possession of an item.,,,,former owner person,A person who has former legal possession of an item.,rdai:P40102,property,rdac:C10003,rdau:P60401,rdai:P40104,rdai:P40019,,Published,,2
has custodian person,rdai:custodianPerson.en,Relates an item to a person who has legal custody of an item.,,,,custodian person,A person who has legal custody of an item.,rdai:P40103,property,rdac:C10003,rdau:P60402,rdai:P40073,rdai:P40020,,Published,,2
has collector person,rdai:collectorPerson.en,"Relates an item to a person who is a curator who brings together items from various sources that are arranged, described, or catalogued as a collection.",,,,collector person,"A person who is a curator who brings together items from various sources that are arranged, described, or catalogued as a collection.",rdai:P40105,property,rdac:C10003,rdau:P60066,rdai:P40099,rdai:P40004,,Published,,2
has collection registrar person,rdai:collectionRegistrarPerson.en,Relates an item to a person who is a curator who lists or inventories items in a collection aggregate.,,,,collection registrar person,A person who is a curator who lists or inventories items in a collection aggregate.,rdai:P40106,property,rdac:C10003,rdau:P60067,rdai:P40099,rdai:P40005,,Published,,2
has depositor person,rdai:depositorPerson.en,Relates an item to a person who is a current owner of an item who deposits the item into the custody of another agent without transferring ownership.,,,,depositor person,A person who is a current owner of an item who deposits the item into the custody of another agent without transferring ownership.,rdai:P40107,property,rdac:C10003,rdau:P60068,rdai:P40101,rdai:P40006,,Published,,2
has donor person,rdai:donorPerson.en,Relates an item to a person who is a former owner of an item who donates the item to another owner.,,,,donor person,A person who is a former owner of an item who donates the item to another owner.,rdai:P40108,property,rdac:C10003,rdau:P60091,rdai:P40102,rdai:P40007,,Published,,2
has seller person,rdai:sellerPerson.en,Relates an item to a person who is a former owner of an item who sells the item to another owner.,,,,seller person,A person who is a former owner of an item who sells the item to another owner.,rdai:P40109,property,rdac:C10003,rdau:P60092,rdai:P40102,rdai:P40008,,Published,,2
has related person of item,rdai:relatedPersonOfItem.en,Relates an item to a person who is associated with an item.,,,,related person of item,A person who is associated with an item.,rdai:P40073,property,rdac:C10003,rdau:P61008,rdai:P40072,rdax:P00007,,Published,,1
has honouree person of item,rdai:honoureePersonOfItem.en,Relates an item to a person who is honoured by an item.,,,,honouree person of item,A person who is honoured by an item.,rdai:P40110,property,rdac:C10003,rdau:P60406,rdai:P40073,rdai:P40022,,Published,,2
has restorationist person of item,rdai:restorationistPersonOfItem.en,"Relates an item to a person who is responsible for the set of technical, editorial, and intellectual procedures aimed at compensating for the degradation of an item by bringing it back to a state as close as possible to its original condition.",,,,restorationist person of item,"A person who is responsible for the set of technical, editorial, and intellectual procedures aimed at compensating for the degradation of an item by bringing it back to a state as close as possible to its original condition.",rdai:P40111,property,rdac:C10003,rdau:P60450,rdai:P40112,rdai:P40024,,Published,,2
has modifier person,rdai:modifierPerson.en,Relates an item to a person that makes changes to an item without creating a new manifestation.,,,,modifier person,A person who makes changes to an item without creating a new manifestation.,rdai:P40112,property,rdac:C10003,rdau:P61031,rdai:P40073,rdai:P40093,,Published,,2
has inscriber,rdai:inscriber.en,Relates an item to a person who writes a statement of dedication or gift on an item.,,,,inscriber,A person who writes a statement of dedication or gift on an item.,rdai:P40014,property,rdac:C10003,rdau:P60460,rdai:P40112,,,Published,18.5,2
has autographer,rdai:autographer.en,Relates an item to a person whose manuscript signature appears on an item.,,,,autographer,A person whose manuscript signature appears on an item.,rdai:P40016,property,rdac:C10003,rdau:P60466,rdai:P40112,,,Published,18.5,2
has related place of item,rdai:relatedPlaceOfItem.en,Relates an item to a place that is associated with an item.,,,,related place of item,A place that is associated with an item.,rdai:P40077,property,rdac:C10003,rdau:P61014,rdai:P40068,rdax:P00010,,Published,,1
has custodial history of item,rdai:custodialHistoryOfItem.en,"Relates an item to a record of previous ownership or custodianship of an item, including agent, place, and timespan.",,,,custodial history of item,"A record of previous ownership or custodianship of an item, including agent, place, and timespan.",rdai:P40026,property,rdac:C10003,rdau:P60176,,,,Published,2.18,6
has related timespan of item,rdai:relatedTimespanOfItem.en,Relates an item to a timespan that is associated with an item.,,,,related timespan of item,A timespan that is associated with an item.,rdai:P40078,property,rdac:C10003,rdau:P61020,rdai:P40068,rdax:P00011,,Published,,1
has variant title of item,rdai:variantTitleOfItem.en,Relates an item to a nomen that is a title of item that is not selected for preference in a specific application or context.,,,,variant title of item,A nomen that is a title of item that is not selected for preference in a specific application or context.,rdai:P40086,property,rdac:C10003,rdau:P60355,rdai:P40082,rdax:P00023,,Published,,3
has preferred title of item,rdai:preferredTitleOfItem.en,Relates an item to a nomen that is a title of item that is selected for preference in a specific application or context.,,,,preferred title of item,A nomen that is a title of item that is selected for preference in a specific application or context.,rdai:P40085,property,rdac:C10003,rdau:P60588,rdai:P40082,rdax:P00021,,Published,,3
has category of item,rdai:categoryOfItem.en,Relates an item to a type to which an item belongs.,,type of item,,category of item,A type to which an item belongs.,rdai:P40096,property,rdac:C10003,rdau:P60058,rdax:P00029,,,Published,,5
is item described in,rdai:itemDescribedIn.en,Relates an item to a work that describes an item.,,described in (item),,item described in,A work that describes an item.,rdai:P40062,property,rdac:C10003,rdau:P60215,rdai:P40061,,,Published,23.5,2
is item analysed in,rdai:itemAnalysedIn.en,Relates an item to a work that describes the structure and composition of an item.,,analysed in (item),,item analysed in,A work that describes the structure and composition of an item.,rdai:P40063,property,rdac:C10003,rdau:P60219,rdai:P40062,,,Published,23.5,2
is item evaluated in,rdai:itemEvaluatedIn.en,Relates an item to a work that examines or judges an item.,,evaluated in (item),,item evaluated in,A work that examines or judges an item.,rdai:P40066,property,rdac:C10003,rdau:P60218,rdai:P40062,,,Published,23.5,2
has binding of item,rdai:bindingOfItem.en,Relates an item to a work that is a binding of an item.,,,,binding of item,A work that is a binding of an item.,rdai:P40094,property,rdac:C10003,rdau:P61005,rdai:P40069,,,Published,,2
is item reviewed in,rdai:itemReviewedIn.en,Relates an item to a work that is a brief evaluation of an item.,,reviewed in (item),,item reviewed in,A work that is a brief evaluation of an item.,rdai:P40067,property,rdac:C10003,rdau:P60211,rdai:P40062,,,Published,23.5,2
is item critiqued in,rdai:itemCritiquedIn.en,Relates an item to a work that is a critical evaluation of an item.,,critiqued in (item),,item critiqued in,A work that is a critical evaluation of an item.,rdai:P40065,property,rdac:C10003,rdau:P60212,rdai:P40062,,,Published,23.5,2
has descriptive item relationship with,rdai:descriptiveItemRelationship.en,Relates an item to a work that is a description of the item. (Deprecated),,,,descriptive item relationship,A work that is a description of the item.,rdai:P40052,property,rdac:C10003,rdau:P60711,rdai:P40046,,,Deprecated,,
is item commentary in,rdai:itemCommentaryIn.en,Relates an item to a work that is a set of explanatory or critical notes on an item.,,commentary in (item),,item commentary in,A work that is a set of explanatory or critical notes on an item.,rdai:P40064,property,rdac:C10003,rdau:P60213,rdai:P40062,,,Published,23.5,2
is subject item of,rdai:subjectItemOf.en,Relates an item to a work that is about an item.,,subject of (item),,subject item of,A work that is about an item.,rdai:P40061,property,rdac:C10003,rdau:P60806,rdai:P40069,rdax:P00014,,Published,,2
has related work of item,rdai:relatedWorkOfItem.en,Relates an item to a work that is associated with an item.,,,,related work of item,A work that is associated with an item.,rdai:P40069,property,rdac:C10003,rdau:P60313,rdai:P40068,rdax:P00002,,Published,,1
has variant access point for item,rdai:variantAccessPointForItem.en,Relates an item to a nomen that is a n access point of item that is not selected for preference in a specific vocabulary encoding scheme.,,,,variant access point for item,A nomen that is an access point of item that is not selected for preference in a specific vocabulary encoding scheme.,rdai:P40084,property,rdac:C10003,rdau:P61188,rdai:P40080,rdax:P00022,,Published,,3
has authorized access point for item,rdai:authorizedAccessPointForItem.en,Relates an item to a nomen that is an access point of item that is selected for preference in a specific vocabulary encoding scheme.,,,,authorized access point for item,A nomen that is an access point of item that is selected for preference in a specific vocabulary encoding scheme.,rdai:P40083,property,rdac:C10003,rdau:P61172,rdai:P40080,rdax:P00020,,Published,,3
has other agent associated with item (Deprecated),rdai:otherAgentItem.en,Relates an item to an agent other than an owner or custodian who is associated with an item. (Deprecated),"Curators, binders, restorationists, etc., are included. (Deprecated)",,,other agent associated with item (Deprecated),An agent other than an owner or custodian who is associated with an item. (Deprecated),rdai:P40023,property,rdac:C10003,rdau:P60374,rdai:P40072,,,Deprecated,22.4,3
has dedicatee agent of item,rdai:dedicateeAgentOfItem.en,Relates an item to an agent to whom an item is dedicated.,,dedicatee (item),,dedicatee agent of item,An agent to whom an item is dedicated.,rdai:P40025,property,rdac:C10003,rdau:P60455,rdai:P40072,,,Published,18.5,2
has binder agent,rdai:binderAgent.en,Relates an item to an agent who binds an item.,,binder,,binder agent,An agent who binds an item.,rdai:P40013,property,rdac:C10003,rdau:P60458,rdai:P40093,,,Published,18.5,2
has curator agent,rdai:curatorAgent.en,Relates an item to an agent who conceives or manages the aggregation of an item in an exhibition or collection.,,curator,,curator agent,An agent who conceives or manages the aggregation of an item in an exhibition or collection.,rdai:P40017,property,rdac:C10003,rdau:P60376,rdai:P40072,,,Published,18.5,2
has illuminator agent,rdai:illuminatorAgent.en,"Relates an item to an agent who decorates a specific item using precious metals or colour, often with elaborate designs and motifs.",,illuminator,,illuminator agent,"An agent who decorates a specific item using precious metals or colour, often with elaborate designs and motifs.",rdai:P40012,property,rdac:C10003,rdau:P60421,rdai:P40093,,,Published,18.5,2
has current owner agent,rdai:currentOwnerAgent.en,Relates an item to an agent who has current legal possession of an item.,,current owner,,current owner agent,An agent who has current legal possession of an item.,rdai:P40018,property,rdac:C10003,rdau:P60400,rdai:P40021,,,Published,18.5,2
has owner agent,rdai:ownerAgent.en,Relates an item to an agent who has current or former legal possession of an item.,,owner,,owner agent,An agent who has current or former legal possession of an item.,rdai:P40021,property,rdac:C10003,rdau:P60404,rdai:P40072,,,Published,22.2,2
has former owner agent,rdai:formerOwnerAgent.en,Relates an item to an agent who has former legal possession of an item.,,former owner,,former owner agent,An agent who has former legal possession of an item.,rdai:P40019,property,rdac:C10003,rdau:P60401,rdai:P40021,,,Published,18.5,2
has custodian agent,rdai:custodianAgent.en,Relates an item to an agent who has legal custody of an item.,,custodian,,custodian agent,An agent who has legal custody of an item.,rdai:P40020,property,rdac:C10003,rdau:P60402,rdai:P40072,,,Published,22.3,2
has collector agent,rdai:collectorAgent.en,"Relates an item to an agent who is a curator who brings together items from various sources that are arranged, described, or catalogued as a collection.",,collector,,collector agent,"An agent who is a curator who brings together items from various sources that are arranged, described, or catalogued as a collection.",rdai:P40004,property,rdac:C10003,rdau:P60066,rdai:P40017,,,Published,18.5,2
has collection registrar agent,rdai:collectionRegistrarAgent.en,Relates an item to an agent who is a curator who lists or inventories items in a collection aggregate.,,collection registrar,,collection registrar agent,An agent who is a curator who lists or inventories items in a collection aggregate.,rdai:P40005,property,rdac:C10003,rdau:P60067,rdai:P40017,,,Published,18.5,2
has depositor agent,rdai:depositorAgent.en,Relates an item to an agent who is a current owner of an item who deposits the item into the custody of another agent without transferring ownership.,,depositor,,depositor agent,An agent who is a current owner of an item who deposits the item into the custody of another agent without transferring ownership.,rdai:P40006,property,rdac:C10003,rdau:P60068,rdai:P40018,,,Published,18.5,2
has donor agent,rdai:donorAgent.en,Relates an item to an agent who is a former owner of an item who donates the item to another owner.,,donor,,donor agent,An agent who is a former owner of an item who donates the item to another owner.,rdai:P40007,property,rdac:C10003,rdau:P60091,rdai:P40019,,,Published,18.5,2
has seller agent,rdai:sellerAgent.en,Relates an item to an agent who is a former owner of an item who sells the item to another owner.,,seller,,seller agent,An agent who is a former owner of an item who sells the item to another owner.,rdai:P40008,property,rdac:C10003,rdau:P60092,rdai:P40019,,,Published,18.5,2
has related agent of item,rdai:relatedAgentOfItem.en,Relates an item to an agent who is associated with an item.,,other agent associated with item,,related agent of item,An agent who is associated with an item.,rdai:P40072,property,rdac:C10003,rdau:P61008,rdai:P40068,rdax:P00006,,Published,,1
has honouree agent of item,rdai:honoureeAgentOfItem.en,Relates an item to an agent who is honoured by an item.,,honoree of item,honouree (item),honouree agent of item,An agent who is honoured by an item.,rdai:P40022,property,rdac:C10003,rdau:P60406,rdai:P40072,,,Published,18.5,2
has restorationist agent of item,rdai:restorationistAgentOfItem.en,"Relates an item to an agent who is responsible for the set of technical, editorial, and intellectual procedures aimed at compensating for the degradation of an item by bringing it back to a state as close as possible to its original condition.",,restorationist (item),,restorationist agent of item,"An agent who is responsible for the set of technical, editorial, and intellectual procedures aimed at compensating for the degradation of an item by bringing it back to a state as close as possible to its original condition.",rdai:P40024,property,rdac:C10003,rdau:P60450,rdai:P40093,,,Published,18.5,2
has modifier agent,rdai:modifierAgent.en,Relates an item to an agent that makes changes to an item without creating a new manifestation.,,modifier,,modifier agent,An agent who makes changes to an item without creating a new manifestation.,rdai:P40093,property,rdac:C10003,rdau:P61031,rdai:P40072,,,Published,,2
has title of item,rdai:titleOfItem.en,Relates an item to a nomen that is an appellation of item in natural language and phrasing used in common discourse.,,,,title of item,A nomen that is an appellation of item in natural language and phrasing used in common discourse.,rdai:P40082,property,rdac:C10003,rdau:P60367,rdai:P40081,rdax:P00019,,Published,,3
has access point for item,rdai:accessPointForItem.en,Relates an item to a nomen that is an appellation of item in natural language that is taken from a vocabulary encoding scheme or is constructed using a string encoding scheme.,,,,access point for item,A nomen that is an appellation of item in natural language that is taken from a vocabulary encoding scheme or is constructed using a string encoding scheme.,rdai:P40080,property,rdac:C10003,rdau:P61166,rdai:P40081,rdax:P00016,,Published,,3
has identifier for item,rdai:identifierForItem.en,"Relates an item to a nomen that is an appellation of item that consists of a code, number, or other string, usually independent of natural language and social naming conventions, used to identify an item.",,,,identifier for item,"A nomen that is an appellation of item that consists of a code, number, or other string, usually independent of natural language and social naming conventions, used to identify an item.",rdai:P40001,property,rdac:C10003,rdau:P60052,rdai:P40081,rdax:P00018,,Published,2.2,3
has related entity of item,rdai:relatedEntityOfItem.en,Relates an item to an entity that is associated with an item.,,,,related entity of item,An entity that is associated with an item.,rdai:P40095,property,rdac:C10003,rdau:P61034,rdax:P00028,,,Published,,1
has related expression of item,rdai:relatedExpressionOfItem.en,Relates an item to an expression that is associated with an item.,,,,related expression of item,An expression that is associated with an item.,rdai:P40070,property,rdac:C10003,rdau:P60313,rdai:P40068,rdax:P00003,,Published,,1
is description of (item) (Deprecated),rdai:descriptionOfItem.en,Relates a work to an item described by a describing work. (Deprecated),,,,description of (item) (Deprecated),An item described by a describing work. (Deprecated),rdai:P40030,property,rdac:C10001,rdau:P60190,rdai:P40052,,,Deprecated,,
has electronic reproduction (item) (Deprecated),,Relates an item to an item in a digital format that is the result of the transfer of an item in analog format. (Deprecated),,,,electronic reproduction (item) (Deprecated),An item in a digital format that is the result of the transfer of an item in analog format. (Deprecated),rdai:P40057,property,rdac:C10003,rdau:P60083,rdai:P40055,,,Deprecated,24.5,
is digital transfer of (item) (Deprecated),,Relates an item to an item in a digital format that is transferred to another digital format. (Deprecated),,,,digital transfer of (item) (Deprecated),An item in a digital format that is transferred to another digital format. (Deprecated),rdai:P40039,property,rdac:C10003,rdau:P60287,rdai:P40042,,,Deprecated,24.5,
has digital transfer (item) (Deprecated),,Relates an item to an item in a digital format that results from the transfer of an item in another digital format. (Deprecated),,,,digital transfer (item) (Deprecated),An item in a digital format that results from the transfer of an item in another digital format. (Deprecated),rdai:P40056,property,rdac:C10003,rdau:P60200,rdai:P40055,,,Deprecated,24.5,
is electronic reproduction of (item) (Deprecated),,Relates an item to an item in an analog format that is transferred to a digital format. (Deprecated),,,,electronic reproduction of (item) (Deprecated),An item in an analog format that is transferred to a digital format. (Deprecated),rdai:P40027,property,rdac:C10003,rdau:P60469,rdai:P40042,,,Deprecated,24.5,
has accompanying item relationship with (Deprecated),rdai:accompanyingItemRelationship.en,Relates an item to an item that accompanies or is accompanied by another item. (Deprecated),,,,accompanying item relationship (Deprecated),An item that accompanies or is accompanied by another item. (Deprecated),rdai:P40051,property,rdac:C10003,rdau:P60709,rdai:P40046,,,Deprecated,24.5,
has preservation facsimile (item) (Deprecated),,"Relates an item to an item that consists of an exact reproduction on preservation-quality media, such as acid-free permanent or archival paper. (Deprecated)",,,,preservation facsimile (item) (Deprecated),"An item that consists of an exact reproduction on preservation-quality media, such as acid-free permanent or archival paper. (Deprecated)",rdai:P40059,property,rdac:C10003,rdau:P60179,rdai:P40058,,,Deprecated,24.5,
has facsimile (item) (Deprecated),,Relates an item to an item that exactly reproduces another item. (Deprecated),,,,facsimile (item) (Deprecated),An item that exactly reproduces another item. (Deprecated),rdai:P40058,property,rdac:C10003,rdau:P60217,rdai:P40055,,,Deprecated,24.5,
has equivalent item,rdai:equivalentItem.en,Relates an item to an item that exemplifies a manifestation that embodies the same expression of a work.,,equivalent item relationship,,equivalent item,An item that exemplifies a manifestation that embodies the same expression of a work.,rdai:P40031,property,rdac:C10003,rdau:P60191,rdai:P40046,,,Published,24.5,3
is reprint of (item) (Deprecated),,Relates an item to an item that exemplifies a printed manifestation that is used as the basis for a reissue of a manifestation. (Deprecated),,,,reprint of (item) (Deprecated),An item that exemplifies a printed manifestation that is used as the basis for a reissue of a manifestation. (Deprecated),rdai:P40038,property,rdac:C10003,rdau:P60168,rdai:P40042,,,Deprecated,24.5,
is analysis of (item),rdai:analysisOfItem.en,Relates a work to an item that has been examined to identify its components and their relations. (Deprecated),,,,analysis of (item),An item that has been examined to identify its components and their relations.,rdai:P40033,property,rdac:C10001,rdau:P60239,rdai:P40030,,,Deprecated,,
is container of item,rdai:containerOfItem.en,Relates an item to an item that is a discrete component of a larger item.,,,,container of item,An item that is a discrete component of a larger item.,rdai:P40034,property,rdac:C10003,rdau:P60249,rdai:P40046,,,Published,24.5,2
is reprinted as (item) (Deprecated),,Relates an item to an item that is a reissue of an item that exemplifies another printed manifestation. (Deprecated),,,,reprinted as (item) (Deprecated),An item that is a reissue of an item that exemplifies another printed manifestation. (Deprecated),rdai:P40060,property,rdac:C10003,rdau:P60271,rdai:P40055,,,Deprecated,24.5,
has related item of item,rdai:relatedItemOfItem.en,Relates an item to an item that is associated with an item.,,whole-part item relationship,,related item of item,An item that is associated with an item.,rdai:P40046,property,rdac:C10003,rdau:P60313,rdai:P40068,rdax:P00005,,Published,,1
is accompanied by item,rdai:accompaniedByItem.en,Relates an item to an item that is brought together with another item after being issued.,,accompanying item relationship,,accompanied by item,An item that is brought together with another item after being issued.,rdai:P40029,property,rdac:C10003,rdau:P60196,rdai:P40046,,,Published,24.5,2
has whole-part item relationship with (Deprecated),rdai:wholePartItemRelationship.en,Relates an item to an item that is contained in or contains another item. (Deprecated),,,,whole-part item relationship (Deprecated),An item that is contained in or contains another item. (Deprecated),rdai:P40054,property,rdac:C10003,rdau:P60714,rdai:P40046,,,Deprecated,24.5,
is on disc with item,rdai:onDiscWithItem.en,Relates an item to an item that is contained on the same disc as an item.,,,,on disc with item,An item that is contained on the same disc as an item.,rdai:P40035,property,rdac:C10003,rdau:P60257,rdai:P40029,,,Published,24.5,2
is filmed with item,rdai:filmedWithItem.en,Relates an item to an item that is contained on the same microform as an item.,,,,filmed with item,An item that is contained on the same microform as an item.,rdai:P40036,property,rdac:C10003,rdau:P60258,rdai:P40029,,,Published,24.5,2
has equivalent item relationship with (Deprecated),rdai:equivalentItemRelationship.en,Relates an item to an item that is equivalent to another item. (Deprecated),,,,equivalent item relationship (Deprecated),An item that is equivalent to another item. (Deprecated),rdai:P40053,property,rdac:C10003,rdau:P60712,rdai:P40046,,,Deprecated,18.5,
is evaluation of (item),rdai:evaluationOfItem.en,Relates a work to an item that is examined or judged. (Deprecated),,,,evaluation of (item),An item that is examined or judged.,rdai:P40037,property,rdac:C10001,rdau:P60255,rdai:P40030,,,Deprecated,,
is bound with,rdai:boundWith.en,Relates an item to an item that is physically combined or joined with an item.,,,,bound with,An item that is physically combined or joined with an item.,rdai:P40032,property,rdac:C10003,rdau:P60237,rdai:P40029,,,Published,24.5,2
is reproduction of (item) (Deprecated),,Relates an item to an item that is used as the basis for a reproduction. (Deprecated),,,,reproduction of (item) (Deprecated),An item that is used as the basis for a reproduction. (Deprecated),rdai:P40042,property,rdac:C10003,rdau:P60297,rdai:P40031,,,Deprecated,24.5,
is preservation facsimile of (item) (Deprecated),,"Relates an item to an item that is used as the basis for an exact reproduction on preservation-quality media, such as acid-free permanent or archival paper. (Deprecated)",,,,preservation facsimile of (item) (Deprecated),"An item that is used as the basis for an exact reproduction on preservation-quality media, such as acid-free permanent or archival paper. (Deprecated)",rdai:P40044,property,rdac:C10003,rdau:P60299,rdai:P40045,,,Deprecated,24.5,
is facsimile of (item) (Deprecated),,Relates an item to an item that is used as the basis for an exact reproduction. (Deprecated),,,,facsimile of (item) (Deprecated),An item that is used as the basis for an exact reproduction. (Deprecated),rdai:P40045,property,rdac:C10003,rdau:P60301,rdai:P40042,,,Deprecated,24.5,
is reproduced as (item) (Deprecated),,Relates an item to an item that reproduces another item. (Deprecated),,,,reproduced as (item) (Deprecated),An item that reproduces another item. (Deprecated),rdai:P40055,property,rdac:C10003,rdau:P60272,rdai:P40031,,,Deprecated,24.5,
is review of (item),rdai:reviewOfItem.en,Relates a work to an item used as the basis for a brief evaluation. (Deprecated),,,,review of (item),An item used as the basis for a brief evaluation.,rdai:P40040,property,rdac:C10001,rdau:P60288,rdai:P40030,,,Deprecated,,
is critique of (item),rdai:critiqueOfItem.en,Relates a work to an item used as the basis for a critical evaluation. (Deprecated),,,,critique of (item),An item used as the basis for a critical evaluation.,rdai:P40041,property,rdac:C10001,rdau:P60292,rdai:P40030,,,Deprecated,,
is commentary on (item),rdai:commentaryOnItem.en,Relates a work to an item used as the basis for a set of explanatory or critical notes. (Deprecated),,,,commentary on (item),An item used as the basis for a set of explanatory or critical notes.,rdai:P40043,property,rdac:C10001,rdau:P60298,rdai:P40030,,,Deprecated,,
has related RDA entity of item,rdai:relatedRDAEntityOfItem.en,Relates an item to an RDA entity that is associated with an item.,,,,related RDA entity of item,An RDA entity that is associated with an item.,rdai:P40068,property,rdac:C10003,rdau:P61034,rdai:P40095,rdax:P00001,,Published,,1
has immediate source of acquisition of item,rdai:immediateSourceOfAcquisitionOfItem.en,"Relates an item to the circumstances under which an item is directly acquired, including a method, source, and date of acquisition.",,,,immediate source of acquisition of item,"The circumstances under which an item is directly acquired, including a method, source, and date of acquisition.",rdai:P40050,property,rdac:C10003,rdau:P60583,,,,Published,2.19,6
has item-specific carrier characteristic of early printed resource (Deprecated),rdai:itemSpecificCarrierCharacteristicOfEarlyPrintedResource.en,"Relates an item to a characteristic that applies to the carrier or carriers of the specific early printed item being described and is assumed not to apply to other items exemplifying the same manifestation. includes rubrication, illumination, and other hand colouring, manuscript additions, and binding. (Deprecated)",,,,,,rdai:P40002,property,rdac:C10003,,,,,Deprecated,,