*label_en,lexicalAlias_en,*uri,*type,domain,range,subPropertyOf[0],subPropertyOf[1],subPropertyOf[2],inverseOf,*status,owl:propertyChainAxiom
has related work of nomen,rdano:relatedWorkOfNomen.en,rdano:P80001,property,rdac:C10012,rdac:C10001,rdan:P80001,rdano:P80010,rdaxo:P00002,rdawo:P10318,Published,
has related expression of nomen,rdano:relatedExpressionOfNomen.en,rdano:P80002,property,rdac:C10012,rdac:C10006,rdan:P80002,rdano:P80010,rdaxo:P00003,rdaeo:P20308,Published,
has related manifestation of nomen,rdano:relatedManifestationOfNomen.en,rdano:P80003,property,rdac:C10012,rdac:C10007,rdan:P80003,rdano:P80010,rdaxo:P00004,rdamo:P30274,Published,
has related item of nomen,rdano:relatedItemOfNomen.en,rdano:P80004,property,rdac:C10012,rdac:C10003,rdan:P80004,rdano:P80010,rdaxo:P00005,rdaio:P40079,Published,
has related agent of nomen,rdano:relatedAgentOfNomen.en,rdano:P80005,property,rdac:C10012,rdac:C10002,rdan:P80005,rdano:P80010,rdaxo:P00006,rdaao:P50340,Published,
has related collective agent of nomen,rdano:relatedCollectiveAgentOfNomen.en,rdano:P80006,property,rdac:C10012,rdac:C10011,rdan:P80006,rdano:P80005,rdaxo:P00012,rdaao:P50344,Published,
has related place of nomen,rdano:relatedPlaceOfNomen.en,rdano:P80007,property,rdac:C10012,rdac:C10009,rdan:P80007,rdano:P80010,rdaxo:P00010,rdapo:P70012,Published,
has related timespan of nomen,rdano:relatedTimespanOfNomen.en,rdano:P80008,property,rdac:C10012,rdac:C10010,rdan:P80008,rdano:P80010,rdaxo:P00011,rdato:P70009,Published,
has related nomen of nomen,rdano:relatedNomenOfNomen.en,rdano:P80009,property,rdac:C10012,rdac:C10012,rdan:P80009,rdano:P80010,rdaxo:P00013,rdano:P80009,Published,
has related RDA entity of nomen,rdano:relatedRDAEntityOfNomen.en,rdano:P80010,property,rdac:C10012,rdac:C10013,rdan:P80010,rdano:P80174,rdaxo:P00001,rdaxo:P00013,Published,
has related person of nomen,rdano:relatedPersonOfNomen.en,rdano:P80011,property,rdac:C10012,rdac:C10004,rdan:P80011,rdano:P80005,rdaxo:P00007,rdaao:P50348,Published,
has related family of nomen,rdano:relatedFamilyOfNomen.en,rdano:P80012,property,rdac:C10012,rdac:C10008,rdan:P80012,rdano:P80006,rdaxo:P00008,rdaao:P50356,Published,
has related corporate body of nomen,rdano:relatedCorporateBodyOfNomen.en,rdano:P80013,property,rdac:C10012,rdac:C10005,rdan:P80013,rdano:P80006,rdaxo:P00009,rdaao:P50352,Published,
is subject nomen of,rdano:subjectNomenOf.en,rdano:P80014,property,rdac:C10012,rdac:C10001,rdan:P80014,rdano:P80001,rdaxo:P00014,rdawo:P10323,Published,
is access point for item of,rdano:accessPointForItemOf.en,rdano:P80015,property,rdac:C10012,rdac:C10003,rdan:P80015,rdano:P80016,rdano:P80159,rdaio:P40080,Published,
is appellation of item of,rdano:appellationOfItemOf.en,rdano:P80016,property,rdac:C10012,rdac:C10003,rdan:P80016,rdano:P80004,rdano:P80112,rdaio:P40081,Published,
is title of item of,rdano:titleOfItemOf.en,rdano:P80017,property,rdac:C10012,rdac:C10003,rdan:P80017,rdano:P80016,rdano:P80161,rdaio:P40082,Published,
is access point for agent of,rdano:accessPointForAgentOf.en,rdano:P80018,property,rdac:C10012,rdac:C10002,rdan:P80018,rdano:P80028,rdano:P80159,rdaao:P50373,Published,
is access point for collective agent of,rdano:accessPointForCollectiveAgentOf.en,rdano:P80019,property,rdac:C10012,rdac:C10011,rdan:P80019,rdano:P80029,rdano:P80018,rdaao:P50374,Published,
is access point for corporate body of,rdano:accessPointForCorporateBodyOf.en,rdano:P80020,property,rdac:C10012,rdac:C10005,rdan:P80020,rdano:P80030,rdano:P80019,rdaao:P50375,Published,
is access point for family of,rdano:accessPointForFamilyOf.en,rdano:P80021,property,rdac:C10012,rdac:C10008,rdan:P80021,rdano:P80031,rdano:P80019,rdaao:P50376,Published,
is access point for person of,rdano:accessPointForPersonOf.en,rdano:P80022,property,rdac:C10012,rdac:C10004,rdan:P80022,rdano:P80032,rdano:P80159,rdaao:P50377,Published,
is access point for expression of,rdano:accessPointForExpressionOf.en,rdano:P80023,property,rdac:C10012,rdac:C10006,rdan:P80023,rdano:P80038,rdano:P80159,rdaeo:P20310,Published,
is access point for manifestation of,rdano:accessPointForManifestationOf.en,rdano:P80024,property,rdac:C10012,rdac:C10007,rdan:P80024,rdano:P80040,rdano:P80018,rdamo:P30276,Published,
is access point for place of,rdano:accessPointForPlaceOf.en,rdano:P80025,property,rdac:C10012,rdac:C10009,rdan:P80025,rdano:P80041,rdano:P80159,rdapo:P70018,Published,
is access point for timespan of,rdano:accessPointForTimespanOf.en,rdano:P80026,property,rdac:C10012,rdac:C10010,rdan:P80026,rdano:P80043,rdano:P80159,rdato:P70015,Published,
is access point for work of,rdano:accessPointForWorkOf.en,rdano:P80027,property,rdac:C10012,rdac:C10001,rdan:P80027,rdano:P80045,rdano:P80159,rdawo:P10328,Published,
is appellation of agent of,rdano:appellationOfAgentOf.en,rdano:P80028,property,rdac:C10012,rdac:C10002,rdan:P80028,rdano:P80005,rdano:P80112,rdaao:P50378,Published,
is appellation of collective agent of,rdano:appellationOfCollectiveAgentOf.en,rdano:P80029,property,rdac:C10012,rdac:C10011,rdan:P80029,rdano:P80006,rdano:P80028,rdaao:P50379,Published,
is appellation of corporate body of,rdano:appellationOfCorporateBodyOf.en,rdano:P80030,property,rdac:C10012,rdac:C10005,rdan:P80030,rdano:P80013,rdano:P80029,rdaao:P50380,Published,
is appellation of family of,rdano:appellationOfFamilyOf.en,rdano:P80031,property,rdac:C10012,rdac:C10008,rdan:P80031,rdano:P80012,rdano:P80029,rdaao:P50381,Published,
is appellation of person of,rdano:appellationOfPersonOf.en,rdano:P80032,property,rdac:C10012,rdac:C10004,rdan:P80032,rdano:P80011,rdano:P80028,rdaao:P50382,Published,
is identifier for agent of,rdano:identifierForAgentOf.en,rdano:P80033,property,rdac:C10012,rdac:C10002,rdan:P80033,rdano:P80028,rdano:P80160,rdaao:P50383,Published,
is identifier for collective agent of,rdano:identifierForCollectiveAgentOf.en,rdano:P80034,property,rdac:C10012,rdac:C10011,rdan:P80034,rdano:P80029,rdano:P80033,rdaao:P50384,Published,
is identifier for corporate body of,rdano:identifierForCorporateBodyOf.en,rdano:P80035,property,rdac:C10012,rdac:C10005,rdan:P80035,rdano:P80030,rdano:P80034,rdaao:P50006,Published,
is identifier for family of,rdano:identifierForFamilyOf.en,rdano:P80036,property,rdac:C10012,rdac:C10008,rdan:P80036,rdano:P80031,rdano:P80034,rdaao:P50052,Published,
is identifier for person of,rdano:identifierForPersonOf.en,rdano:P80037,property,rdac:C10012,rdac:C10004,rdan:P80037,rdano:P80032,rdano:P80033,rdaao:P50094,Published,
is appellation of expression of,rdano:appellationOfExpressionOf.en,rdano:P80038,property,rdac:C10012,rdac:C10006,rdan:P80038,rdano:P80002,rdano:P80112,rdaeo:P20311,Published,
is title of expression of,rdano:titleOfExpressionOf.en,rdano:P80039,property,rdac:C10012,rdac:C10006,rdan:P80039,rdano:P80038,rdano:P80161,rdaeo:P20312,Published,
is appellation of manifestation of,rdano:appellationOfManifestationOf.en,rdano:P80040,property,rdac:C10012,rdac:C10007,rdan:P80040,rdano:P80003,rdano:P80112,rdamo:P30277,Published,
is appellation of place of,rdano:appellationOfPlaceOf.en,rdano:P80041,property,rdac:C10012,rdac:C10009,rdan:P80041,rdano:P80007,rdano:P80112,rdapo:P70019,Published,
is identifier for place of,rdano:identifierForPlaceOf.en,rdano:P80042,property,rdac:C10012,rdac:C10009,rdan:P80042,rdano:P80041,rdano:P80160,rdapo:P70020,Published,
is appellation of timespan of,rdano:appellationOfTimespanOf.en,rdano:P80043,property,rdac:C10012,rdac:C10010,rdan:P80043,rdano:P80008,rdano:P80112,rdato:P70016,Published,
is name of timespan of,rdano:nameOfTimespanOf.en,rdano:P80044,property,rdac:C10012,rdac:C10010,rdan:P80044,rdano:P80043,rdano:P80161,rdato:P70017,Published,
is appellation of work of,rdano:appellationOfWorkOf.en,rdano:P80045,property,rdac:C10012,rdac:C10001,rdan:P80045,rdano:P80001,rdano:P80112,rdawo:P10329,Published,
is identifier for expression of,rdano:identifierForExpressionOf.en,rdano:P80046,property,rdac:C10012,rdac:C10006,rdan:P80046,rdano:P80038,rdano:P80160,rdaeo:P20002,Published,
is identifier for item of,rdano:identifierForItemOf.en,rdano:P80047,property,rdac:C10012,rdac:C10003,rdan:P80047,rdano:P80016,rdano:P80160,rdaio:P40001,Published,
is identifier for manifestation of,rdano:identifierForManifestationOf.en,rdano:P80048,property,rdac:C10012,rdac:C10007,rdan:P80048,rdano:P80040,rdano:P80160,rdamo:P30004,Published,
is identifier for work of,rdano:identifierForWorkOf.en,rdano:P80049,property,rdac:C10012,rdac:C10001,rdan:P80049,rdano:P80045,rdano:P80160,rdawo:P10002,Published,
is identifier for timespan of,rdano:identifierForTimespanOf.en,rdano:P80050,property,rdac:C10012,rdac:C10010,rdan:P80050,rdano:P80043,rdano:P80160,rdato:P70018,Published,
is name of place of,rdano:nameOfPlaceOf.en,rdano:P80051,property,rdac:C10012,rdac:C10009,rdan:P80051,rdano:P80041,rdano:P80161,rdapo:P70001,Published,
is name of agent of,rdano:nameOfAgentOf.en,rdano:P80052,property,rdac:C10012,rdac:C10002,rdan:P80052,rdano:P80028,rdano:P80161,rdaao:P50385,Published,
is name of collective agent of,rdano:nameOfCollectiveAgentOf.en,rdano:P80053,property,rdac:C10012,rdac:C10011,rdan:P80053,rdano:P80029,rdano:P80052,rdaao:P50386,Published,
is name of corporate body of,rdano:nameOfCorporateBodyOf.en,rdano:P80054,property,rdac:C10012,rdac:C10005,rdan:P80054,rdano:P80030,rdano:P80053,rdaao:P50032,Published,
is name of family of,rdano:nameOfFamilyOf.en,rdano:P80055,property,rdac:C10012,rdac:C10008,rdan:P80055,rdano:P80031,rdano:P80053,rdaao:P50061,Published,
is name of person of,rdano:nameOfPersonOf.en,rdano:P80056,property,rdac:C10012,rdac:C10004,rdan:P80056,rdano:P80032,rdano:P80052,rdaao:P50111,Published,
is abbreviated title of,rdano:abbreviatedTitleOf.en,rdano:P80057,property,rdac:C10012,rdac:C10007,rdan:P80057,rdano:P80111,,rdamo:P30131,Published,
has part nomen,rdano:partNomen.en,rdano:P80058,property,rdac:C10012,rdac:C10012,rdan:P80058,rdano:P80009,,rdano:P80059,Published,
is part of nomen,rdano:partOfNomen.en,rdano:P80059,property,rdac:C10012,rdac:C10012,rdan:P80059,rdano:P80009,,rdano:P80058,Published,
has derivation,rdano:derivation.en,rdano:P80060,property,rdac:C10012,rdac:C10012,rdan:P80060,rdano:P80009,,rdano:P80061,Published,
is derivation of,rdano:derivationOf.en,rdano:P80061,property,rdac:C10012,rdac:C10012,rdan:P80061,rdano:P80009,,rdano:P80060,Published,
is title of manifestation of,rdano:titleOfManifestationOf.en,rdano:P80062,property,rdac:C10012,rdac:C10007,rdan:P80062,rdano:P80040,rdano:P80161,rdamo:P30134,Published,
is title proper of,rdano:titleProperOf.en,rdano:P80063,property,rdac:C10012,rdac:C10007,rdan:P80063,rdano:P80062,,rdamo:P30156,Published,
is title of work of,rdano:titleOfWorkOf.en,rdano:P80064,property,rdac:C10012,rdac:C10001,rdan:P80064,rdano:P80045,rdano:P80161,rdawo:P10088,Published,
is key title of,rdano:keyTitleOf.en,rdano:P80072,property,rdac:C10012,rdac:C10001,rdan:P80072,rdano:P80064,,rdawo:P10367,Published,
is assigned by agent,rdano:assignedByAgent.en,rdano:P80073,property,rdac:C10012,rdac:C10002,rdan:P80073,rdano:P80005,,rdaao:P50396,Published,
is assigned by collective agent,rdano:assignedByCollectiveAgent.en,rdano:P80074,property,rdac:C10012,rdac:C10011,rdan:P80074,rdano:P80006,rdano:P80073,rdaao:P50397,Published,
is assigned by corporate body,rdano:assignedByCorporateBody.en,rdano:P80075,property,rdac:C10012,rdac:C10005,rdan:P80075,rdano:P80013,rdano:P80074,rdaao:P50398,Published,
is assigned by family,rdano:assignedByFamily.en,rdano:P80076,property,rdac:C10012,rdac:C10008,rdan:P80076,rdano:P80012,rdano:P80074,rdaao:P50399,Published,
is assigned by person,rdano:assignedByPerson.en,rdano:P80077,property,rdac:C10012,rdac:C10004,rdan:P80077,rdano:P80011,rdano:P80073,rdaao:P50400,Published,
is authorized access point for work of,rdano:authorizedAccessPointForWorkOf.en,rdano:P80079,property,rdac:C10012,rdac:C10001,rdan:P80079,rdano:P80027,rdano:P80162,rdawo:P10331,Published,
is variant access point for work of,rdano:variantAccessPointForWorkOf.en,rdano:P80080,property,rdac:C10012,rdac:C10001,rdan:P80080,rdano:P80027,rdano:P80165,rdawo:P10332,Published,
is authorized access point for timespan of,rdano:authorizedAccessPointForTimespanOf.en,rdano:P80081,property,rdac:C10012,rdac:C10010,rdan:P80081,rdano:P80026,rdano:P80162,rdato:P70047,Published,
is variant access point for timespan of,rdano:variantAccessPointForTimespanOf.en,rdano:P80082,property,rdac:C10012,rdac:C10010,rdan:P80082,rdano:P80026,rdano:P80165,rdato:P70048,Published,
is preferred name of timespan of,rdano:preferredNameOfTimespanOf.en,rdano:P80083,property,rdac:C10012,rdac:C10010,rdan:P80083,rdano:P80044,rdano:P80163,rdato:P70049,Published,
is variant name of timespan of,rdano:variantNameOfTimespanOf.en,rdano:P80084,property,rdac:C10012,rdac:C10010,rdan:P80084,rdano:P80044,rdano:P80164,rdato:P70050,Published,
is authorized access point for place of,rdano:authorizedAccessPointForPlaceOf.en,rdano:P80085,property,rdac:C10012,rdac:C10009,rdan:P80085,rdano:P80025,rdano:P80162,rdapo:P70045,Published,
is variant access point for place of,rdano:variantAccessPointForPlaceOf.en,rdano:P80086,property,rdac:C10012,rdac:C10009,rdan:P80086,rdano:P80025,rdano:P80165,rdapo:P70046,Published,
is preferred name of place of,rdano:preferredNameOfPlaceOf.en,rdano:P80087,property,rdac:C10012,rdac:C10009,rdan:P80087,rdano:P80051,rdano:P80163,rdapo:P70002,Published,
is variant name of place of,rdano:variantNameOfPlaceOf.en,rdano:P80088,property,rdac:C10012,rdac:C10009,rdan:P80088,rdano:P80051,rdano:P80164,rdapo:P70003,Published,
is authorized access point for manifestation of,rdano:authorizedAccessPointForManifestationOf.en,rdano:P80089,property,rdac:C10012,rdac:C10007,rdan:P80089,rdano:P80024,rdano:P80162,rdamo:P30294,Published,
is variant access point for manifestation of,rdano:variantAccessPointForManifestationOf.en,rdano:P80090,property,rdac:C10012,rdac:C10007,rdan:P80090,rdano:P80024,rdano:P80165,rdamo:P30295,Published,
is authorized access point for item of,rdano:authorizedAccessPointForItemOf.en,rdano:P80091,property,rdac:C10012,rdac:C10003,rdan:P80091,rdano:P80015,rdano:P80162,rdaio:P40083,Published,
is variant access point for item of,rdano:variantAccessPointForItemOf.en,rdano:P80092,property,rdac:C10012,rdac:C10003,rdan:P80092,rdano:P80015,rdano:P80165,rdaio:P40084,Published,
is preferred title of item of,rdano:preferredTitleOfItemOf.en,rdano:P80093,property,rdac:C10012,rdac:C10003,rdan:P80093,rdano:P80017,rdano:P80163,rdaio:P40085,Published,
is variant title of item of,rdano:variantTitleOfItemOf.en,rdano:P80094,property,rdac:C10012,rdac:C10003,rdan:P80094,rdano:P80017,rdano:P80164,rdaio:P40086,Published,
is authorized access point for expression of,rdano:authorizedAccessPointForExpressionOf.en,rdano:P80095,property,rdac:C10012,rdac:C10006,rdan:P80095,rdano:P80023,rdano:P80162,rdaeo:P20313,Published,
is variant access point for expression of,rdano:variantAccessPointForExpressionOf.en,rdano:P80096,property,rdac:C10012,rdac:C10006,rdan:P80096,rdano:P80023,rdano:P80165,rdaeo:P20314,Published,
is preferred title of expression of,rdano:preferredTitleOfExpressionOf.en,rdano:P80097,property,rdac:C10012,rdac:C10006,rdan:P80097,rdano:P80039,rdano:P80163,rdaeo:P20315,Published,
is variant title of expression of,rdano:variantTitleOfExpressionOf.en,rdano:P80098,property,rdac:C10012,rdac:C10006,rdan:P80098,rdano:P80039,rdano:P80164,rdaeo:P20316,Published,
is authorized access point for agent of,rdano:authorizedAccessPointForAgentOf.en,rdano:P80099,property,rdac:C10012,rdac:C10002,rdan:P80099,rdano:P80018,rdano:P80162,rdaao:P50403,Published,
is variant access point for agent of,rdano:variantAccessPointForAgentOf.en,rdano:P80100,property,rdac:C10012,rdac:C10002,rdan:P80100,rdano:P80018,rdano:P80165,rdaao:P50404,Published,
is authorized access point for collective agent of,rdano:authorizedAccessPointForCollectiveAgentOf.en,rdano:P80101,property,rdac:C10012,rdac:C10011,rdan:P80101,rdano:P80019,rdano:P80099,rdaao:P50405,Published,
is variant access point for collective agent of,rdano:variantAccessPointForCollectiveAgentOf.en,rdano:P80102,property,rdac:C10012,rdac:C10011,rdan:P80102,rdano:P80019,rdano:P80100,rdaao:P50406,Published,
is authorized access point for corporate body of,rdano:authorizedAccessPointForCorporateBodyOf.en,rdano:P80103,property,rdac:C10012,rdac:C10005,rdan:P80103,rdano:P80020,rdano:P80101,rdaao:P50407,Published,
is variant access point for corporate body of,rdano:variantAccessPointForCorporateBodyOf.en,rdano:P80104,property,rdac:C10012,rdac:C10005,rdan:P80104,rdano:P80020,rdano:P80102,rdaao:P50408,Published,
is authorized access point for family of,rdano:authorizedAccessPointForFamilyOf.en,rdano:P80105,property,rdac:C10012,rdac:C10008,rdan:P80105,rdano:P80021,rdano:P80101,rdaao:P50409,Published,
is variant access point for family of,rdano:variantAccessPointForFamilyOf.en,rdano:P80106,property,rdac:C10012,rdac:C10008,rdan:P80106,rdano:P80021,rdano:P80102,rdaao:P50410,Published,
is authorized access point for person of,rdano:authorizedAccessPointForPersonOf.en,rdano:P80107,property,rdac:C10012,rdac:C10004,rdan:P80107,rdano:P80022,rdano:P80099,rdaao:P50411,Published,
is variant access point for person of,rdano:variantAccessPointForPersonOf.en,rdano:P80108,property,rdac:C10012,rdac:C10004,rdan:P80108,rdano:P80022,rdano:P80100,rdaao:P50412,Published,
is preferred title of work of,rdano:preferredTitleOfWorkOf.en,rdano:P80109,property,rdac:C10012,rdac:C10001,rdan:P80109,rdano:P80064,rdano:P80163,rdawo:P10223,Published,
is variant title of work of,rdano:variantTitleOfWorkOf.en,rdano:P80110,property,rdac:C10012,rdac:C10001,rdan:P80110,rdano:P80064,rdano:P80164,rdawo:P10086,Published,
is variant title of manifestation of,rdano:variantTitleOfManifestationOf.en,rdano:P80111,property,rdac:C10012,rdac:C10007,rdan:P80111,rdano:P80062,rdano:P80164,rdamo:P30128,Published,
is appellation of RDA entity of,rdano:appellatonOfRDAEntityOf.en,rdano:P80112,property,rdac:C10012,rdac:C10013,rdan:P80112,rdano:P80010,,rdaxo:P00017,Published,
is equivalent to,rdano:equivalentTo.en,rdano:P80113,property,rdac:C10012,rdac:C10012,rdan:P80113,rdano:P80009,,rdano:P80113,Published,( rdano:P80112 rdaxo:P00017 )
is name of agent of manifestation of,rdano:nameOfAgentOfManifestationOf.en,rdano:P80114,property,rdac:C10012,rdac:C10007,rdan:P80114,rdano:P80003,rdano:P80052,rdamo:P30297,Published,( rdano:P80052 rdaao:P50477 )
is name of distributor of,rdano:nameOfDistributorOf.en,rdano:P80115,property,rdac:C10012,rdac:C10007,rdan:P80115,rdano:P80114,,rdamo:P30173,Published,( rdano:P80052 rdaao:P50199 )
is name of manufacturer of,rdano:nameOfManufacturerOf.en,rdano:P80116,property,rdac:C10012,rdac:C10007,rdan:P80116,rdano:P80114,,rdamo:P30175,Published,( rdano:P80052 rdaao:P50202 )
is name of producer of,rdano:nameOfProducerOf.en,rdano:P80117,property,rdac:C10012,rdac:C10007,rdan:P80117,rdano:P80114,,rdamo:P30174,Published,( rdano:P80052 rdaao:P50200 )
is name of publisher of,rdano:nameOfPublisherOf.en,rdano:P80118,property,rdac:C10012,rdac:C10007,rdan:P80118,rdano:P80114,,rdamo:P30176,Published,( rdano:P80052 rdaao:P50203 )
is numeric designation of musical work of,rdano:numericDesignationOfMusicalWorkOf.en,rdano:P80119,property,rdac:C10012,rdac:C10001,rdan:P80119,rdano:P80049,,rdawo:P10079,Published,
is opus number of,rdano:opusNumberOf.en,rdano:P80120,property,rdac:C10012,rdac:C10001,rdan:P80120,rdano:P80119,,rdawo:P10333,Published,
is serial number of musical work of,rdano:serialNumberOfMusicalWorkOf.en,rdano:P80121,property,rdac:C10012,rdac:C10001,rdan:P80121,rdano:P80119,,rdawo:P10334,Published,
is thematic index number of,rdano:thematicIndexNumberOf.en,rdano:P80122,property,rdac:C10012,rdac:C10001,rdan:P80122,rdano:P80119,,rdawo:P10335,Published,
is earlier title proper of (Deprecated),,rdano:P80123,property,,,,,,,Deprecated,
is later title proper of (Deprecated),rdano:laterTitleProperOf.en,rdano:P80124,property,rdac:C10012,rdac:C10007,rdan:P80124,rdano:P80063,,rdamo:P30129,Deprecated,
is title of series of,rdano:titleOfSeriesOf.en,rdano:P80125,property,rdac:C10012,rdac:C10007,rdan:P80125,rdano:P80062,,rdamo:P30157,Published,
is title proper of subseries of (Deprecated),rdano:titleProperOfSubseriesOf.en,rdano:P80126,property,rdac:C10012,rdac:C10007,rdan:P80126,rdano:P80125,,rdamo:P30158,Deprecated,
is parallel name of distributor of,rdano:parallelNameOfDistributorOf.en,rdano:P80127,property,rdac:C10012,rdac:C10007,rdan:P80127,rdano:P80115,,rdamo:P30017,Published,
is parallel name of manufacturer of,rdano:parallelNameOfManufacturerOf.en,rdano:P80128,property,rdac:C10012,rdac:C10007,rdan:P80128,rdano:P80116,,rdamo:P30049,Published,
is parallel name of producer of,rdano:parallelNameOfProducerOf.en,rdano:P80129,property,rdac:C10012,rdac:C10007,rdan:P80129,rdano:P80117,,rdamo:P30094,Published,
is parallel name of publisher of,rdano:parallelNameOfPublisherOf.en,rdano:P80130,property,rdac:C10012,rdac:C10007,rdan:P80130,rdano:P80118,,rdamo:P30095,Published,
is parallel title proper of,rdano:parallelTitleProperOf.en,rdano:P80135,property,rdac:C10012,rdac:C10007,rdan:P80135,rdano:P80063,,rdamo:P30203,Published,
is parallel title of series of,rdano:parallelTitleOfSeriesOf.en,rdano:P80136,property,rdac:C10012,rdac:C10007,rdan:P80136,rdano:P80125,rdano:P80135,rdamo:P30204,Published,
is parallel title proper of subseries of (Deprecated),rdano:parallelTitleProperOfSubseriesOf.en,rdano:P80137,property,rdac:C10012,rdac:C10007,rdan:P80137,rdano:P80126,rdano:P80136,rdamo:P30205,Deprecated,
is fingerprint of,rdano:fingerprintOf.en,rdano:P80138,property,rdac:C10012,rdac:C10007,rdan:P80138,rdano:P80048,,rdamo:P30296,Published,
has reference source,rdano:referenceSource.en,rdano:P80139,property,rdac:C10012,rdac:C10007,rdan:P80139,rdano:P80003,,rdamo:P30457,Published,
is preferred name of agent of,rdano:preferredNameOfAgentOf.en,rdano:P80140,property,rdac:C10012,rdac:C10002,rdan:P80140,rdano:P80052,rdano:P80163,rdaao:P50413,Published,
is preferred name of collective agent of,rdano:preferredNameOfCollectiveAgentOf.en,rdano:P80141,property,rdac:C10012,rdac:C10011,rdan:P80141,rdano:P80053,rdano:P80140,rdaao:P50414,Published,
is variant name of agent of,rdano:variantNameOfAgentOf.en,rdano:P80142,property,rdac:C10012,rdac:C10002,rdan:P80142,rdano:P80052,rdano:P80164,rdaao:P50415,Published,
is variant name of collective agent of,rdano:variantNameOfCollectiveAgentOf.en,rdano:P80143,property,rdac:C10012,rdac:C10011,rdan:P80143,rdano:P80053,rdano:P80142,rdaao:P50416,Published,
is preferred name of corporate body of,rdano:preferredNameOfCorporateBodyOf.en,rdano:P80144,property,rdac:C10012,rdac:C10005,rdan:P80144,rdano:P80054,rdano:P80141,rdaao:P50041,Published,
is preferred name of family of,rdano:preferredNameOfFamilyOf.en,rdano:P80145,property,rdac:C10012,rdac:C10008,rdan:P80145,rdano:P80055,rdano:P80141,rdaao:P50065,Published,
is preferred name of person of,rdano:preferredNameOfPesonOf.en,rdano:P80146,property,rdac:C10012,rdac:C10004,rdan:P80146,rdano:P80056,rdano:P80140,rdaao:P50117,Published,
is variant name of corporate body of,rdano:variantNameOfCorporateBodyOf.en,rdano:P80147,property,rdac:C10012,rdac:C10005,rdan:P80147,rdano:P80054,rdano:P80143,rdaao:P50025,Published,
is variant name of family of,rdano:variantNameOfFamilyOf.en,rdano:P80148,property,rdac:C10012,rdac:C10008,rdan:P80148,rdano:P80055,rdano:P80143,rdaao:P50054,Published,
is variant name of person of,rdano:variantNameOfPersonOf.en,rdano:P80149,property,rdac:C10012,rdac:C10004,rdan:P80149,rdano:P80056,rdano:P80142,rdaao:P50103,Published,
is address of corporate body of (Deprecated),,rdano:P80150,property,,,,,,,Deprecated,
is address of person of (Deprecated),,rdano:P80151,property,,,,,,,Deprecated,
is address of family of (Deprecated),,rdano:P80152,property,,,,,,,Deprecated,
is address of agent of (Deprecated),,rdano:P80153,property,,,,,,,Deprecated,
is address of collective agent of (Deprecated),,rdano:P80154,property,,,,,,,Deprecated,
is plate number for notated music of,rdano:plateNumberForNotatedMusicOf.en,rdano:P80155,property,rdac:C10012,rdac:C10007,rdan:P80155,rdano:P80048,,rdamo:P30066,Published,
is publisher number for notated music of,rdano:publisherNumberForNotatedMusicOf.en,rdano:P80156,property,rdac:C10012,rdac:C10007,rdan:P80156,rdano:P80048,,rdamo:P30065,Published,
is alternate identity of person of,rdano:alternateIdentityOfPersonOf.en,rdano:P80157,property,rdac:C10012,rdac:C10004,rdan:P80157,rdano:P80032,,rdaao:P50428,Published,
is real identity of person of,rdano:realIdentityOfPersonOf.en,rdano:P80158,property,rdac:C10012,rdac:C10004,rdan:P80158,rdano:P80032,,rdaao:P50429,Published,
is access point for RDA entity of,rdano:accessPointForRDAEntityOf.en,rdano:P80159,property,rdac:C10012,rdac:C10013,rdan:P80159,rdano:P80112,,rdaxo:P00016,Published,
is identifier for RDA entity of,rdano:identifierForRDAEntityOf.en,rdano:P80160,property,rdac:C10012,rdac:C10013,rdan:P80160,rdano:P80112,,rdaxo:P00018,Published,
is name of RDA entity of,rdano:nameOfRDAEntityOf.en,rdano:P80161,property,rdac:C10012,rdac:C10013,rdan:P80161,rdano:P80112,,rdaxo:P00019,Published,
is authorized access point for RDA entity of,rdano:authorizedAccessPointForRDAEntityOf.en,rdano:P80162,property,rdac:C10012,rdac:C10013,rdan:P80162,rdano:P80159,,rdaxo:P00020,Published,
is preferred name of RDA entity of,rdano:preferredNameOfRDAEntityOf.en,rdano:P80163,property,rdac:C10012,rdac:C10013,rdan:P80163,rdano:P80161,,rdaxo:P00021,Published,
is variant name of RDA entity of,rdano:variantNameOfRDAEntityOf.en,rdano:P80164,property,rdac:C10012,rdac:C10013,rdan:P80164,rdano:P80161,,rdaxo:P00023,Published,
is variant access point for RDA entity of,rdano:variantAccessPointForRDAEntityOf.en,rdano:P80165,property,rdac:C10012,rdac:C10013,rdan:P80165,rdano:P80159,,rdaxo:P00022,Published,
has date of usage,rdano:dateOfUsage.en,rdano:P80166,property,rdac:C10012,rdac:C10010,rdan:P80166,rdano:P80008,,rdato:P70056,Published,
is ISSN of,rdano:issnOf.en,rdano:P80170,property,rdac:C10012,rdac:C10001,rdan:P80170,rdano:P80049,,rdawo:P10366,Published,
is appellation of work group of,rdano:appellationOfWorkGroup.en,rdano:P80171,property,rdac:C10012,rdac:C10001,rdan:P80171,rdano:P80045,,rdawo:P10399,Published,
is identifier for work group of,rdano:identifierForWorkGroup.en,rdano:P80172,property,rdac:C10012,rdac:C10001,rdan:P80172,rdano:P80171,rdano:P80049,rdawo:P10400,Published,
is authorized access point for work group of,rdano:authorizedAccessPointForWorkGroup.en,rdano:P80173,property,rdac:C10012,rdac:C10001,rdan:P80173,rdano:P80171,rdano:P80079,rdawo:P10401,Published,
is given name of,rdano:giveNameOf.en,rdano:P80175,property,rdac:C10012,rdac:C10004,rdan:P80175,rdano:P80056,,rdaao:P50292,Published,
is surname of,rdano:surnameOf.en,rdano:P80176,property,rdac:C10012,rdac:C10004,rdan:P80176,rdano:P80056,,rdaao:P50291,Published,
is fuller form of name of,rdano:fullerFormOfNameOf.en,rdano:P80177,property,rdac:C10012,rdac:C10004,rdan:P80177,rdano:P80056,,rdaao:P50115,Published,
is nomen described in,rdano:nomenDescribedIn.en,rdano:P80178,property,rdac:C10012,rdac:C10001,rdan:P80178,rdano:P80014,,rdawo:P10600,Published,
is numbering within sequence of,rdano:numberingWithinSequenceOf.en,rdano:P80179,property,rdac:C10012,rdac:C10007,rdan:P80179,rdano:P80003,,rdamo:P30014,Published,
is first alphanumeric designation of alternative sequence of,rdano:firstAlphanumericDesignationOfAlternativeSequenceOf.en,rdano:P80180,property,rdac:C10012,rdac:C10007,rdan:P80180,rdano:P80181,,rdamo:P30097,Published,
is first alphanumeric designation of sequence of,rdano:firstAlphanumericDesignationOfSequenceOf.en,rdano:P80181,property,rdac:C10012,rdac:C10007,rdan:P80181,rdano:P80003,,rdamo:P30147,Published,
is first chronological designation of alternative sequence of,rdano:firstChronologicalDesignationOfAlternativeSequenceOf.en,rdano:P80182,property,rdac:C10012,rdac:C10007,rdan:P80182,rdano:P80183,,rdamo:P30099,Published,
is first chronological designation of sequence of,rdano:firstChronologicalDesignationOfSequenceOf.en,rdano:P80183,property,rdac:C10012,rdac:C10007,rdan:P80183,rdano:P80003,,rdamo:P30149,Published,
is last alphanumeric designation of alternative sequence of,rdano:lastAlphanumericDesignationOfAlternativeSequenceOf.en,rdano:P80184,property,rdac:C10012,rdac:C10007,rdan:P80184,rdano:P80185,,rdamo:P30098,Published,
is last alphanumeric designation of sequence of,rdano:lastAlphanumericDesignationOfSequenceOf.en,rdano:P80185,property,rdac:C10012,rdac:C10007,rdan:P80185,rdano:P80003,,rdamo:P30148,Published,
is last chronological designation of alternative sequence of,rdano:lastChronologicalDesignationOfAlternativeSequenceOf.en,rdano:P80186,property,rdac:C10012,rdac:C10007,rdan:P80186,rdano:P80187,,rdamo:P30100,Published,
is last chronological designation of sequence of,rdano:lastChronologicalDesignationOfSequenceOf.en,rdano:P80187,property,rdac:C10012,rdac:C10007,rdan:P80187,rdano:P80003,,rdamo:P30150,Published,